rack_type,rack_spaces,Comments,Latitude,Longitude,x,y
Lightning Bolt Rack,2,,38.53537254,-121.75024989,6633110.077737093,1956889.4156070948
Lightning Bolt Rack,21,,38.53135579,-121.76298989,6629469.69591026,1955416.8407963365
Lightning Bolt Rack,17,One rack has been cut,38.5315127,-121.76348861,6629326.882547587,1955473.6123363376
Lightning Bolt Rack,6,,38.5308136,-121.76345224,6629337.951423094,1955219.0446040034
Lightning Bolt Rack,52,,38.53245184,-121.76260494,6629578.772135675,1955816.2868478447
Lightning Bolt Rack,83,,38.53297915,-121.76208733,6629726.335488841,1956008.7103475034
Lightning Bolt Rack,233,,38.53313412,-121.76332475,6629372.220383421,1956064.2210632563
Lightning Bolt Rack,30,,38.53303321,-121.76331224,6629375.894588679,1956027.4809792489
Coat Hanger Rack,60,,38.53472913,-121.76342483,6629342.080023751,1956645.0141929984
Coat Hanger Rack,36,,38.53472204,-121.76368341,6629268.120197922,1956642.2425450087
Coat Hanger Rack,12,,38.53470222,-121.76386689,6629215.655079752,1956634.8869166672
Lightning Bolt Rack,30,,38.5345653,-121.76408146,6629154.405858427,1956584.864707008
Lightning Bolt Rack,53,,38.53540542,-121.76480734,6628945.9800941795,1956890.279450506
Bike Stall,12,Single sided coat hanger,38.53543945,-121.76493801,6628908.569735929,1956902.5760138333
Lightning Bolt Rack,6,,38.53546777,-121.76522698,6628825.886174262,1956912.673762679
Bike Stall,6,Single side coat hanger,38.53546506,-121.76528583,6628809.0558273345,1956911.643252924
Lightning Bolt Rack,10,,38.53501323,-121.76572793,6628683.018677846,1956746.7718635052
Lightning Bolt Rack,34,,38.53479346,-121.76473534,6628967.152295917,1956667.4692005962
Lightning Bolt Rack,30,,38.53471199,-121.76500704,6628889.508422345,1956637.598197341
Lightning Bolt Rack,65,,38.53471827,-121.76535535,6628789.871810585,1956639.6296893358
Playground Rack,26,Playground rack type?,38.53466853,-121.76537689,6628783.756665334,1956621.4971796721
Coat Hanger Rack,20,,38.53465138,-121.76542441,6628770.178280428,1956615.219633177
Lightning Bolt Rack,10,,38.53484216,-121.76669922,6628405.346661001,1956683.7559134215
Lightning Bolt Rack,10,,38.53482376,-121.76492192,6628913.753124505,1956678.3658323437
Varsity Rack,36,,38.53389517,-121.76385029,6629221.166223586,1956340.9882262498
Varsity Rack,36,,38.53405232,-121.76380714,6629233.361081094,1956398.2499227524
Varsity Rack,34,,38.53335574,-121.76410993,6629147.4058724195,1956144.3455749154
Lightning Bolt Rack,42,,38.5331368,-121.7647938,6628951.9912370145,1956064.1082025915
Wave Rack,10,Covered,38.53292351,-121.76596535,6628617.064741507,1955985.5650525838
Concrete Pod,15,,38.53290958,-121.76592967,6628627.283881173,1955980.520115167
Lightning Bolt Rack,8,,38.53286156,-121.7659083,6628633.442989588,1955963.0450845063
Coat Hanger Rack,12,,38.5323095,-121.76469001,6628982.460992336,1955762.897190839
Bike Locker,7,,38.53230753,-121.7645937,6629010.011790261,1955762.2528351694
Coat Hanger Rack,12,,38.53230586,-121.76452417,6629029.90348275,1955761.6947654188
Coat Hanger Rack,12,,38.53230972,-121.76414498,6629138.370785505,1955763.3814418316
Lightning Bolt Rack,6,,38.53232688,-121.76407799,6629157.514776096,1955769.6829384267
Lightning Bolt Rack,6,,38.53232895,-121.76393158,6629199.395597845,1955770.5431729257
Lightning Bolt Rack,10,,38.53224486,-121.76379187,6629239.439809084,1955740.023220837
Lightning Bolt Rack,10,,38.5321866,-121.76369925,6629265.989624754,1955718.8772657514
Lightning Bolt Rack,163,1 rack broken,38.53628336,-121.75058281,6633013.93816559,1957220.855561003
Coat Hanger Rack,48,,38.53737902,-121.74907477,6633444.195507169,1957621.0598130822
Lightning Bolt Rack,10,,38.53741815,-121.74918071,6633413.854032427,1957635.223826751
Lightning Bolt Rack,10,,38.53742136,-121.74912124,6633430.860888168,1957636.4393755049
Lightning Bolt Rack,25,,38.53677982,-121.75177329,6632672.920474917,1957400.7239676714
Lightning Bolt Rack,10,,38.53676144,-121.75192811,6632628.654487342,1957393.9063960016
Lightning Bolt Rack,38,,38.53598491,-121.75217902,6632557.654629335,1957110.9164764285
Lightning Bolt Rack,187,,38.53543639,-121.75192733,6632630.193198174,1956911.3535553366
Lightning Bolt Rack,29,,38.53479328,-121.75194967,6632624.441569254,1956677.1296143383
Lightning Bolt Rack,8,,38.53591754,-121.74898296,6633471.9260947555,1957088.891914174
Lightning Bolt Rack,5,,38.53702812,-121.74870903,6633549.163473085,1957493.5564591736
Lightning Bolt Rack,5,,38.53703646,-121.74864557,6633567.306481421,1957496.6443795115
Lightning Bolt Rack,10,,38.53721558,-121.74875855,6633534.810155347,1957561.7866376787
Lightning Bolt Rack,68,,38.538371,-121.74979866,6633236.143757924,1957981.7454434186
Lightning Bolt Rack,35,,38.53866806,-121.74987197,6633214.877068177,1958089.8695710003
Lightning Bolt Rack,5,,38.5388406,-121.7501512,6633134.83523351,1958152.4872279167
Lightning Bolt Rack,8,,38.53887042,-121.75086269,6632931.297582835,1958162.786419928
Coat Hanger Rack,12,,38.53887382,-121.75081949,6632943.651888847,1958164.0587270856
Coat Hanger Rack,12,,38.53889984,-121.75081709,6632944.311992511,1958173.537710756
Lightning Bolt Rack,8,,38.53890054,-121.75084917,6632935.136485919,1958173.7676971704
Coat Hanger Rack,14,,38.53892107,-121.75083044,6632940.471449003,1958181.2581677586
Lightning Bolt Rack,10,,38.53875701,-121.75086923,6632929.5420089215,1958121.4784316719
Lightning Bolt Rack,222,,38.53884258,-121.75111398,6632859.449957505,1958152.4521230012
Lightning Bolt Rack,15,,38.53803,-121.74982121,6633230.03517434,1957857.5419516712
Lightning Bolt Rack,30,,38.5377858,-121.75017479,6633129.14528425,1957768.3334686756
Lightning Bolt Rack,70,,38.53701152,-121.75866692,6630700.853552923,1957479.791066751
Lightning Bolt Rack,97,,38.53702055,-121.75849456,6630750.1484018415,1957483.209367007
Lightning Bolt Rack,57,,38.53706856,-121.75827909,6630811.7322681695,1957500.858281836
Lightning Bolt Rack,28,,38.53656474,-121.75809163,6630865.842068091,1957317.5226905048
Lightning Bolt Rack,64,3 spaces (lightning bolts) are broken and missing. ,38.53655847,-121.75848079,6630754.533891752,1957314.9406746775
Lightning Bolt Rack,48,,38.53657586,-121.75782029,6630943.445587426,1957321.7759628445
Lightning Bolt Rack,152,,38.53690462,-121.75751988,6631029.055652425,1957441.7340562493
Lightning Bolt Rack,33,,38.53716025,-121.75721961,6631114.695573002,1957535.0573604256
Lightning Bolt Rack,56,,38.53738973,-121.75794507,6630906.962720752,1957618.076551333
Lightning Bolt Rack,143,,38.53734369,-121.75666883,6631272.057791084,1957602.2836039215
Lightning Bolt Rack,108,1 broken. ,38.53734476,-121.75628703,6631381.265249833,1957602.9666734189
Lightning Bolt Rack,45,,38.53712333,-121.75588601,6631496.189560667,1957522.6344850063
Lightning Bolt Rack,39,,38.53677764,-121.75614372,6631422.812082753,1957396.5428736657
Lightning Bolt Rack,30,,38.53680076,-121.75640752,6631347.332574919,1957404.760705009
Lightning Bolt Rack,25,,38.53707305,-121.75659853,6631292.431438014,1957503.7769111693
Lightning Bolt Rack,668,,38.53645908,-121.75645957,6631332.7784701735,1957280.2891691774
Coat Hanger Rack,112,,38.53708406,-121.75121268,6632832.972976342,1957511.9589814246
Coat Hanger Rack,56,,38.53701672,-121.75142322,6632772.817912921,1957487.2710386664
Lightning Bolt Rack,20,,38.53729085,-121.75172275,6632686.8659850955,1957586.8672961742
Lightning Bolt Rack,17,,38.53737261,-121.7516896,6632696.2678691745,1957616.669073835
Coat Hanger Rack,14,,38.53734634,-121.75173215,6632684.122224167,1957607.070667833
Lightning Bolt Rack,36,,38.53731426,-121.75179933,6632664.9405040145,1957595.3334865868
Coat Hanger Rack,14,,38.53729153,-121.75196393,6632617.880886838,1957586.9263511747
Lightning Bolt Rack,10,,38.5372482,-121.75196588,6632617.365796,1957571.1461990029
Lightning Bolt Rack,25,,38.53738468,-121.75210955,6632576.136547759,1957620.735338673
Lightning Bolt Rack,34,,38.53746317,-121.75199204,6632609.670273334,1957649.4144151658
Lightning Bolt Rack,15,,38.53727604,-121.75223965,6632539.02901043,1957581.0717040896
Lightning Bolt Rack,20,,38.53745875,-121.75229701,6632522.442757502,1957647.5666498393
Lightning Bolt Rack,5,,38.5373361,-121.75226076,6632532.933222085,1957602.9259910882
Lightning Bolt Rack,16,Slight bend,38.53752866,-121.75217478,6632557.33310768,1957673.120076418
Coat Hanger Rack,42,,38.53732021,-121.7553579,6631647.054416418,1957594.7419523448
Coat Hanger Rack,28,,38.53755205,-121.75201906,6632601.852047503,1957681.7588386685
Lightning Bolt Rack,34,,38.53754151,-121.75292124,6632343.806959927,1957677.218493417
Lightning Bolt Rack,25,,38.53751707,-121.75305069,6632306.806049675,1957668.2165429294
Lightning Bolt Rack,54,,38.53799289,-121.7530718,6632300.294579759,1957841.4852252603
Lightning Bolt Rack,26,,38.53798908,-121.7527004,6632406.533540502,1957840.386802256
Coat Hanger Rack,28,,38.53777899,-121.75366291,6632131.42943193,1957763.1284265816
Coat Hanger Rack,56,,38.53658483,-121.75358239,6632155.639685348,1957328.3028526753
Coat Hanger Rack,28,,38.53667951,-121.75304599,6632308.978945583,1957363.201733008
Lightning Bolt Rack,14,,38.53661461,-121.752677,6632414.588642508,1957339.8533544987
Coat Hanger Rack,36,,38.53700764,-121.75291006,6632347.534642756,1957482.8048402518
Coat Hanger Rack,42,,38.53838415,-121.75191991,6632629.386113167,1957984.8714214265
Lightning Bolt Rack,58,,38.53826493,-121.7519181,6632630.021282509,1957941.4551696777
Lightning Bolt Rack,70,,38.53853343,-121.75192048,6632629.074762091,1958039.2354859263
Lightning Bolt Rack,56,,38.5386171,-121.75187521,6632641.939893842,1958069.7406742573
Park-rite Rack,120,,38.53898145,-121.75298865,6632323.099980339,1958201.5632452518
Coat Hanger Rack,56,,38.53896688,-121.75421457,6631972.466823339,1958195.3060399294
Bike Rail,6,,38.53895857,-121.75406603,6632014.9621451795,1958192.3920037597
Coat Hanger Rack,12,,38.53866743,-121.75453714,6631880.495550588,1958086.0014685094
Bike Stall,6,,38.53895053,-121.75461718,6631857.322696671,1958189.0383359194
Lightning Bolt Rack,20,,38.5388226,-121.75496949,6631756.677228674,1958142.1795057505
Lightning Bolt Rack,19,,38.53896235,-121.75506432,6631729.4158002585,1958192.9999421686
Lightning Bolt Rack,49,,38.53886909,-121.75605328,6631446.635854006,1958158.2742898315
Lightning Bolt Rack,20,,38.53797539,-121.75548464,6631610.160461336,1957833.2460685074
Lightning Bolt Rack,361,,38.53773619,-121.75481475,6631802.006206259,1957746.6507692486
Lightning Bolt Rack,20,,38.53726515,-121.75494999,6631763.78482601,1957575.0028185844
Coat Hanger Rack,14,Bend,38.53731456,-121.75497404,6631756.856690258,1957592.9794886708
Coat Hanger Rack,40,,38.53655931,-121.75455356,6631877.87285243,1957318.256284833
Coat Hanger Rack,12,,38.53664342,-121.75427381,6631957.808716178,1957349.1059606671
Coat Hanger Rack,112,,38.53693012,-121.75426929,6631958.819869012,1957453.5194657594
Low Rack,6,,38.53598709,-121.75130485,6632807.700061008,1957112.393179506
Lightning Bolt Rack,42,,38.53604359,-121.75242442,6632487.401160926,1957132.0962240845
Lightning Bolt Rack,70,,38.53601424,-121.75293275,6632342.027435929,1957121.0106163323
Lightning Bolt Rack,42,,38.53582098,-121.75323812,6632254.870786086,1957050.3929754198
Lightning Bolt Rack,16,,38.535528,-121.75365763,6632135.161707923,1956943.3692393452
Coat Hanger Rack,28,,38.53552605,-121.75372196,6632116.763450757,1956942.611694917
Coat Hanger Rack,40,,38.53590809,-121.75380548,6632092.49512659,1957081.6767055094
Coat Hanger Rack,24,,38.53567595,-121.75414072,6631996.831604004,1956996.8763501793
Lightning Bolt Rack,16,,38.53523783,-121.75373443,6632113.480977014,1956837.6378235072
Coat Hanger Rack,66,,38.53509905,-121.7537218,6632117.231297597,1956787.1074127555
Coat Hanger Rack,130,,38.53523122,-121.75393594,6632055.844937429,1956835.071883753
Coat Hanger Rack,112,,38.53476015,-121.75387706,6632073.15198943,1956663.5673055053
Coat Hanger Rack,112,,38.53480922,-121.75524983,6631680.4300058335,1956680.3740304261
Lightning Bolt Rack,5,,38.53484672,-121.75514445,6631710.536244839,1956694.1148165911
Lightning Bolt Rack,5,,38.5347171,-121.75514838,6631709.538871512,1956646.905593425
Lightning Bolt Rack,5,,38.53464812,-121.75519511,6631696.240669757,1956621.7494757622
Lightning Bolt Rack,10,,38.53452776,-121.75284046,6632369.898771256,1956579.7374206781
Lightning Bolt Rack,12,,38.53571863,-121.7495333,6633314.706921011,1957016.0180441737
Lightning Bolt Rack,24,,38.53754344,-121.75076679,6632960.054087013,1957679.6059558392
Lightning Bolt Rack,32,,38.53784987,-121.75077041,6632958.713210419,1957791.1972680837
Coat Hanger Rack,14,,38.5378395,-121.75090888,6632919.114536345,1957787.3114490956
Lightning Bolt Rack,32,,38.53785265,-121.75103104,6632884.159881845,1957792.0050092489
Coat Hanger Rack,14,,38.53784587,-121.75109063,6632867.121530086,1957789.4899224192
Lightning Bolt Rack,8,,38.53777147,-121.75122124,6632829.837155834,1957762.2924702615
Lightning Bolt Rack,15,,38.53526118,-121.74892134,6633490.212803587,1956849.9094525129
Lightning Bolt Rack,15,,38.5351649,-121.7488233,6633518.354479596,1956814.9236300886
Lightning Bolt Rack,10,,38.53512689,-121.74894275,6633484.225610837,1956800.9866500944
Lightning Bolt Rack,8,,38.53492401,-121.74885773,6633508.7472153455,1956727.1662596762
Lightning Bolt Rack,24,,38.53504904,-121.74899804,6633468.488109514,1956772.5907095075
Lightning Bolt Rack,8,,38.53494728,-121.74873561,6633543.6575785875,1956735.7407175899
Lightning Bolt Rack,30,,38.53509175,-121.74916203,6633421.535447508,1956788.0155474246
Lightning Bolt Rack,60,,38.53497718,-121.74918097,6633416.232636586,1956746.27711384
Lightning Bolt Rack,40,,38.53497305,-121.74935113,6633367.564426839,1956744.6373533458
Lightning Bolt Rack,5,,38.53397476,-121.74990725,6633209.48961176,1956380.642018333
Lightning Bolt Rack,54,,38.5347574,-121.74955429,6633309.667889088,1956665.9426288456
Lightning Bolt Rack,10,,38.53439364,-121.75008708,6633157.630463511,1956533.047881499
Lightning Bolt Rack,74,,38.53465352,-121.74973352,6633258.50493367,1956627.9689515084
Lightning Bolt Rack,5,,38.53439115,-121.75015927,6633136.982210845,1956532.0862692595
Lightning Bolt Rack,35,,38.53479936,-121.74972938,6633259.541348919,1956681.0853150934
Lightning Bolt Rack,10,,38.5344227,-121.75021288,6633121.614787504,1956543.5337529182
Lightning Bolt Rack,5,,38.5345108,-121.75017678,6633131.85361217,1956575.6462215036
Lightning Bolt Rack,10,,38.53468889,-121.74997162,6633190.360384926,1956640.6651203334
Lightning Bolt Rack,23,,38.53461764,-121.74992477,6633203.8337831795,1956614.754411012
Lightning Bolt Rack,100,,38.53452328,-121.74991057,6633207.990927085,1956580.3998209238
Lightning Bolt Rack,14,,38.53462102,-121.75013277,6633144.332261756,1956615.8187133372
Lightning Bolt Rack,60,,38.53312201,-121.75132897,6632803.655777752,1956068.9740065038
Lightning Bolt Rack,108,,38.53281476,-121.75039975,6633069.771387264,1955957.8078902513
Lightning Bolt Rack,40,,38.53222814,-121.75039369,6633072.089624092,1955744.1797085851
Inverted U,1,Inverted U,38.53273766,-121.75311963,6632291.812969416,1955927.606178999
Lightning Bolt Rack,8,,38.534226,-121.74826138,6633680.036242843,1956473.4410453439
Lightning Bolt Rack,8,,38.53471897,-121.74838044,6633645.482506171,1956652.874741584
Lightning Bolt Rack,8,,38.53481148,-121.74781523,6633807.065516338,1956687.0114843398
Lightning Bolt Rack,8,,38.53433455,-121.74769266,6633842.605799586,1956513.421936512
Lightning Bolt Rack,29,,38.53497212,-121.74767783,6633846.204873756,1956745.6229156703
Lightning Bolt Rack,18,,38.53511262,-121.74781215,6633807.641302586,1956796.684493333
Lightning Bolt Rack,6,,38.53666962,-121.74716435,6633991.362063751,1957364.2250249237
Playground Rack,6,,38.53670085,-121.74719243,6633983.299087763,1957375.5744116753
Playground Rack,9,,38.53547312,-121.74609275,6634299.099637255,1956929.3397398442
Low Rack,6,,38.53673081,-121.7472295,6633972.666563094,1957386.4572639167
Lightning Bolt Rack,15,,38.53644853,-121.74698497,6634042.896081418,1957283.8505137563
Varsity Rack,10,,38.53622537,-121.74674874,6634110.6941741705,1957202.7709515095
Lightning Bolt Rack,10,,38.53617995,-121.74685033,6634081.681436926,1957186.145656675
Lightning Bolt Rack,40,,38.53506431,-121.74696941,6634048.751712754,1956779.759986505
Lightning Bolt Rack,16,,38.53627196,-121.74697081,6634047.127044097,1957219.5593037605
Lightning Bolt Rack,10,,38.5347606,-121.74656948,6634163.456535846,1956669.4760863334
Coat Hanger Rack,12,,38.53618328,-121.74732789,6633945.07606709,1957186.9783321768
Bike Stall,6,Bike rail,38.53606298,-121.74717611,6633988.614365846,1957143.2887870073
Bike Locker,6,,38.53321438,-121.74838073,6633646.91655843,1956104.9339083433
Lightning Bolt Rack,40,,38.53306321,-121.74833624,6633659.7935011685,1956049.919254586
Lightning Bolt Rack,272,,38.53932009,-121.7502306,6633111.645319253,1958327.0436373353
Lightning Bolt Rack,15,,38.53570009,-121.7580356,6630882.705879509,1957002.6785039157
Lightning Bolt Rack,20,,38.53566525,-121.7581111,6630861.143914759,1956989.931482166
Lightning Bolt Rack,12,,38.53573311,-121.75811156,6630860.946080506,1957014.6433750093
Lightning Bolt Rack,118,,38.53926497,-121.75100931,6632888.966302678,1958306.3583112508
Lightning Bolt Rack,25,,38.53582232,-121.75847748,6630756.191696838,1957046.8542685956
Bike Stall,6,Bike rail,38.53936012,-121.75113251,6632853.632055759,1958340.9136883318
Lightning Bolt Rack,58,,38.53577524,-121.75855364,6630734.451582834,1957029.6512190104
Lightning Bolt Rack,12,,38.53574887,-121.75860396,6630720.084157512,1957020.0101621747
Lightning Bolt Rack,8,,38.53568297,-121.75861542,6630716.870581254,1956996.0013519228
Lightning Bolt Rack,48,,38.53554421,-121.75855616,6630733.9555208385,1956945.5145762563
Lightning Bolt Rack,24,,38.53988212,-121.7518946,6632635.134789348,1958530.418558672
Lightning Bolt Rack,13,,38.53556251,-121.75861624,6630716.752799347,1956952.1310328394
Lightning Bolt Rack,29,,38.53549328,-121.75846981,6630758.704487085,1956927.0320016742
Lightning Bolt Rack,42,,38.53995011,-121.75152002,6632742.208394095,1958555.4723143429
Lightning Bolt Rack,16,,38.53573845,-121.75788015,6630927.135908753,1957016.7660741657
Lightning Bolt Rack,40,,38.5400218,-121.75118306,6632838.5156161785,1958581.8420122564
Lightning Bolt Rack,16,,38.535358,-121.75787735,6630928.305525839,1956878.2145140022
Lightning Bolt Rack,32,,38.54010326,-121.75065419,6632989.702977836,1958611.9243011773
Lightning Bolt Rack,78,,38.53522546,-121.75809025,6630867.534978092,1956829.7871174216
Lightning Bolt Rack,34,,38.53993145,-121.7501749,6633126.965498596,1958549.7311840951
Lightning Bolt Rack,58,,38.53535285,-121.75810612,6630862.871273503,1956876.1646493375
Lightning Bolt Rack,24,,38.53991484,-121.7501227,6633141.91067867,1958543.7216816694
Coat Hanger Rack,14,,38.5399062,-121.75018466,6633124.197787598,1958540.5277904272
Lightning Bolt Rack,8,,38.53989803,-121.7502417,6633107.891717836,1958537.5090956688
Lightning Bolt Rack,200,,38.53487831,-121.75808094,6630870.535628259,1956703.3670946658
Lightning Bolt Rack,32,,38.53986845,-121.75017362,6633127.392335013,1958526.787332341
Coat Hanger Rack,28,,38.53980094,-121.75017668,6633126.586890429,1958502.199455008
Lightning Bolt Rack,129,,38.5349914,-121.7584386,6630768.117854089,1956744.2794144154
Lightning Bolt Rack,8,,38.53979623,-121.75021388,6633115.950100675,1958500.4556920826
Lightning Bolt Rack,8,,38.53974422,-121.7502075,6633117.827393502,1958481.521018669
Lightning Bolt Rack,162,,38.53479397,-121.75844126,6630767.548301429,1956672.3792957515
Coat Hanger Rack,14,,38.53974243,-121.75017277,6633127.76372534,1958480.8947075903
Lightning Bolt Rack,8,,38.53974152,-121.75012059,6633142.689876586,1958480.6053380817
Lightning Bolt Rack,110,,38.5348901,-121.75772145,6630973.354976431,1956707.9356550872
Lightning Bolt Rack,146,,38.53961163,-121.75014543,6633135.714168757,1958433.2816138417
Lightning Bolt Rack,8,,38.53475898,-121.75740301,6631064.570345178,1956660.4288603365
Lightning Bolt Rack,49,,38.53502597,-121.7574292,6631056.817407921,1956757.637655422
Lightning Bolt Rack,26,,38.53596486,-121.75739956,6631064.383009598,1957099.584806174
Lightning Bolt Rack,52,,38.53610414,-121.75721345,6631117.484281346,1957150.4501900077
Lightning Bolt Rack,35,,38.53635241,-121.75720193,6631120.536112502,1957240.8732375056
Coat Hanger Rack,36,,38.54034468,-121.74928284,6633381.700553417,1958700.9247793406
Lightning Bolt Rack,80,,38.54027489,-121.74827416,6633670.276747927,1958676.305734083
Lightning Bolt Rack,45,,38.53607959,-121.75808838,6630867.242983922,1957140.8419415057
Lightning Bolt Rack,108,,38.54031664,-121.74802082,6633742.696878672,1958691.708590418
Coat Hanger Rack,40,,38.53568137,-121.75906376,6630588.628055587,1956995.0797658414
Coat Hanger Rack,84,,38.54046798,-121.74804577,6633735.406867012,1958746.804280758
Lightning Bolt Rack,18,,38.53552423,-121.75905861,6630590.25272426,1956937.8567831665
Lightning Bolt Rack,5,,38.54062937,-121.7477078,6633831.913235679,1958805.847469762
Lightning Bolt Rack,74,,38.54013621,-121.74798437,6633753.304797083,1958626.0289317518
Lightning Bolt Rack,25,,38.54052292,-121.74744353,6633907.60796617,1958767.290132165
Lightning Bolt Rack,5,,38.54069328,-121.74729275,6633950.559980005,1958829.451097086
Lightning Bolt Rack,5,,38.54060798,-121.7472186,6633971.855213001,1958798.4472220838
Lightning Bolt Rack,5,,38.54071564,-121.74685224,6634076.532825172,1958837.9445184171
Lightning Bolt Rack,5,,38.54034411,-121.74654103,6634165.925034836,1958702.8899985105
Lightning Bolt Rack,47,,38.5381085,-121.76030483,6630231.297405422,1957878.048144251
Varsity Rack,40,Varsity lock,38.54018415,-121.74720643,6633975.765966341,1958644.1079638451
Playground Rack,6,,38.53939428,-121.74650962,6634175.873505756,1958357.010112837
Coat Hanger Rack,28,,38.53895002,-121.74766089,6633847.026394427,1958194.3021049201
Lightning Bolt Rack,33,,38.53918248,-121.74767738,6633842.075288847,1958278.9472768456
Lightning Bolt Rack,50,,38.53931713,-121.74793292,6633768.848401174,1958327.7808405906
Lightning Bolt Rack,16,,38.54028469,-121.75032997,6633082.255942345,1958678.2499559224
Lightning Bolt Rack,16,,38.54023655,-121.75060453,6633003.773159668,1958660.5049126744
Lightning Bolt Rack,24,,38.54087576,-121.74820355,6633689.86857225,1958895.1832490861
Lightning Bolt Rack,50,,38.5411451,-121.75133162,6632794.902514428,1958990.8077297509
Lightning Bolt Rack,30,,38.5411159,-121.75120483,6632831.197061256,1958980.2752705067
Lightning Bolt Rack,25,,38.5411909,-121.75102225,6632883.34361051,1959007.7292838395
Coat Hanger Rack,14,,38.54119636,-121.75094377,6632905.786150917,1959009.7817731649
Lightning Bolt Rack,56,,38.54114357,-121.75064997,6632989.870628417,1958990.78542009
Lightning Bolt Rack,5,,38.54145783,-121.74658399,6634152.505770341,1959108.4475863427
Lightning Bolt Rack,5,,38.54131976,-121.74663184,6634138.961178005,1959058.127805084
Lightning Bolt Rack,24,,38.54189616,-121.75062645,6632995.846010178,1959264.8813285828
Lightning Bolt Rack,5,,38.54127703,-121.74663822,6634137.178045094,1959042.5618913323
Lightning Bolt Rack,8,,38.54207563,-121.7506681,6632983.754498929,1959330.2073134184
Lightning Bolt Rack,24,,38.54213797,-121.75068582,6632978.623603672,1959352.8969005942
Lightning Bolt Rack,5,,38.54107427,-121.74713091,6633996.464743838,1958968.3291001767
Lightning Bolt Rack,6,,38.54106258,-121.747189,6633979.862742931,1958964.0246468335
Lightning Bolt Rack,20,,38.54228935,-121.7507288,6632966.181043252,1959407.9912785888
Lightning Bolt Rack,6,,38.5410819,-121.74723409,6633966.945117846,1958971.0249609202
Lightning Bolt Rack,4,,38.54104271,-121.74762016,6633856.560496092,1958956.4475622624
Lightning Bolt Rack,23,,38.54166935,-121.75238509,6632493.070769012,1959180.9061028361
Lightning Bolt Rack,56,,38.54158787,-121.75254122,6632448.495398834,1959151.1112149209
Lightning Bolt Rack,5,,38.54212477,-121.74832961,6633652.553358167,1959349.9484156668
Coat Hanger Rack,12,,38.54208932,-121.74824403,6633677.066104427,1959337.1039531678
Lightning Bolt Rack,8,,38.54205514,-121.74808172,6633723.5227044225,1959324.7847520858
Lightning Bolt Rack,8,,38.54203237,-121.7480353,6633736.8222185075,1959316.5298473388
Lightning Bolt Rack,8,,38.5420511,-121.74796148,6633757.917976841,1959323.40909867
Lightning Bolt Rack,6,,38.53778505,-121.76045039,6630189.9733410925,1957760.143852502
Lightning Bolt Rack,8,,38.53787909,-121.76052972,6630167.192546755,1957794.3314481676
Varsity Rack,24,Varsity lock,38.54013097,-121.74716125,6633988.741990253,1958624.7759815007
Varsity Rack,8,Varsity lock ,38.54018212,-121.74741996,6633914.692597672,1958643.1965483427
Varsity Rack,8,Varsity lock ,38.53992775,-121.74734693,6633935.839865088,1958550.6193056703
Lightning Bolt Rack,15,,38.5398495,-121.74725241,6633962.954968333,1958522.1984307617
Lightning Bolt Rack,40,,38.5389031,-121.7590397,6630592.39838925,1958168.3822092563
Lightning Bolt Rack,5,,38.53801416,-121.75905564,6630588.69793734,1957844.6351533383
Lightning Bolt Rack,168,,38.53960341,-121.7479495,6633763.816259012,1958432.0227580816
Lightning Bolt Rack,9,3 spaces are no longer bolted to the ground; one space is bent 45 degrees,38.53779653,-121.75915919,6630559.288547337,1957765.3003382534
Lightning Bolt Rack,9,,38.5377489,-121.75917305,6630555.36992,1957747.9463703334
Lightning Bolt Rack,5,,38.53754641,-121.75914737,6630562.910587341,1957674.222436428
Playground Rack,6,,38.53940615,-121.74649446,6634180.197972178,1958361.3431094289
Low Rack,5,Sort of like a low rack. Also has a bent bar,38.53939963,-121.74650352,6634177.613659754,1958358.9602401704
Lightning Bolt Rack,35,,38.53912828,-121.74819304,6633694.637919679,1958258.7986950874
Lightning Bolt Rack,8,,38.53899618,-121.74809786,6633721.993508011,1958210.765982762
Coat Hanger Rack,38,,38.53890027,-121.74803825,6633739.142423838,1958175.8861312568
Lightning Bolt Rack,14,,38.53898444,-121.74893572,6633482.355207756,1958205.827672422
Lightning Bolt Rack,33,,38.53847772,-121.74878169,6633526.922047764,1958021.4136711657
Lightning Bolt Rack,5,,38.53831817,-121.74842072,6633630.331945926,1957963.5948891789
Lightning Bolt Rack,24,,38.54004957,-121.75159114,6632721.76584968,1958591.6385805905
Bike Stall,18,Bike Rail,38.54014752,-121.75176853,6632670.929993346,1958627.171645999
Coat Hanger Rack,24,,38.54101803,-121.74823456,6633680.85612309,1958946.970547095
Lightning Bolt Rack,16,,38.5399807,-121.75200001,6632604.888786837,1958566.2380408347
Coat Hanger Rack,44,,38.54130442,-121.74832221,6633655.49757801,1959051.198028922
Bike Stall,24,Bike Rail,38.54055565,-121.75224834,6632533.28853634,1958775.4292235076
Lightning Bolt Rack,5,,38.54091787,-121.75219885,6632547.084440514,1958907.3777785003
Coat Hanger Rack,14,,38.54098503,-121.75195775,6632615.97701925,1958932.0237265825
Lightning Bolt Rack,35,,38.54103975,-121.75169417,6632691.310530007,1958952.1582007557
Coat Hanger Rack,52,,38.54160447,-121.74840656,6633631.067508757,1959160.4031910896
Lightning Bolt Rack,20,,38.54104272,-121.7518942,6632634.095749423,1958953.0843800008
Lightning Bolt Rack,30,,38.54115766,-121.75199356,6632605.563982338,1958994.86382401
Coat Hanger Rack,16,,38.54186053,-121.74848012,6633609.770307258,1959253.5985427499
Lightning Bolt Rack,10,,38.54125803,-121.75196986,6632612.240478173,1959031.436257422
Coat Hanger Rack,24,,38.5412758,-121.75200044,6632603.478684679,1959037.8847353458
Lightning Bolt Rack,5,,38.5420565,-121.74840094,6633632.220721677,1959325.0291741788
Coat Hanger Rack,24,,38.54132936,-121.75209993,6632574.9688991755,1959057.3105495125
Lightning Bolt Rack,24,One broken on left end,38.54119746,-121.75205977,6632586.5863300115,1959009.3090050817
Coat Hanger Rack,202,,38.54230084,-121.74854452,6633590.907484084,1959413.8961224258
Coat Hanger Rack,124,,38.54092655,-121.75117946,6632838.643240586,1958911.3357758373
Lightning Bolt Rack,16,,38.54099098,-121.75038635,6633065.425923511,1958935.42332609
Lightning Bolt Rack,16,,38.54083356,-121.75034104,6633078.542367086,1958878.128493175
Lightning Bolt Rack,16,,38.54067585,-121.75028195,6633095.600403845,1958820.7424530834
Lightning Bolt Rack,24,,38.54048153,-121.75023261,6633109.908774167,1958750.0126076788
Coat Hanger Rack,110,,38.54281842,-121.74874999,6633531.617904514,1959602.2264544219
Lightning Bolt Rack,16,,38.54126003,-121.75045549,6633045.3790475875,1959033.3512798399
Lightning Bolt Rack,16,,38.54143464,-121.7504983,6633032.959781095,1959096.907583177
Lightning Bolt Rack,55,,38.54154427,-121.75085154,6632931.817923009,1959136.5548135936
Coat Hanger Rack,110,,38.54174346,-121.75086922,6632926.563340336,1959209.079602927
Lightning Bolt Rack,4,,38.5433987,-121.74745366,6633901.7982665,1959814.5800323337
Lightning Bolt Rack,4,,38.54337076,-121.74744728,6633903.65357776,1959804.4104332626
Lightning Bolt Rack,5,,38.54330944,-121.74704592,6634018.508991092,1959782.39801009
Lightning Bolt Rack,8,,38.54327417,-121.74704284,6634019.42598401,1959769.5571565032
Lightning Bolt Rack,8,,38.54324761,-121.74703539,6634021.582803845,1959759.8885406703
Lightning Bolt Rack,5,,38.54321168,-121.74701948,6634026.16875267,1959746.8183568418
Lightning Bolt Rack,8,,38.54325587,-121.74706903,6634011.952245668,1959762.8695058376
Lightning Bolt Rack,13,,38.54324014,-121.7470739,6634010.576264173,1959757.1369057596
Coat Hanger Rack,12,,38.54271876,-121.74733928,6633935.200430676,1959567.0503436774
Coat Hanger Rack,12,,38.54272173,-121.74726879,6633955.359183013,1959568.1897770911
Coat Hanger Rack,12,,38.54273925,-121.74723367,6633965.38639392,1959574.5975726694
Coat Hanger Rack,12,,38.54276198,-121.74717112,6633983.252828002,1959582.9262961745
Coat Hanger Rack,140,,38.54169002,-121.75118322,6632836.8053177595,1959189.37196517
Lightning Bolt Rack,5,,38.54153494,-121.74658743,6634151.444420755,1959136.527910754
Lightning Bolt Rack,64,,38.54186185,-121.75102211,6632882.714346677,1959252.074267596
Bike Stall,6,,38.54140292,-121.74659288,6634150.020211011,1959088.446642086
Lightning Bolt Rack,48,,38.54164686,-121.75066748,6632984.359156504,1959174.059003666
Bike Stall,6,,38.54138063,-121.74662716,6634140.237422168,1959080.299676761
Bike Stall,6,,38.5413486,-121.74657561,6634155.0123270005,1959068.6756842583
Lightning Bolt Rack,20,,38.54166371,-121.75056414,6633013.901420251,1959180.278479427
Lightning Bolt Rack,5,,38.54113898,-121.74722542,6633969.3667009175,1958991.8205230087
Bike Rail,12,Bike Rail,38.54232026,-121.75088884,6632920.374704421,1959419.1244584173
Lightning Bolt Rack,12,,38.54241217,-121.75075985,6632957.177452341,1959452.6952574253
Lightning Bolt Rack,6,,38.54111287,-121.74725354,6633961.351953179,1958982.2883898318
Lightning Bolt Rack,5,,38.54117267,-121.74728028,6633953.643635258,1959004.046876505
Lightning Bolt Rack,5,,38.54119866,-121.74725354,6633961.265011087,1959013.530781418
Lightning Bolt Rack,5,,38.54124859,-121.74724748,6633962.946110085,1959031.71873717
Lightning Bolt Rack,5,,38.54129572,-121.74723929,6633965.242037252,1959048.890290752
Bike Stall,42,Bike Rail,38.54225427,-121.75188477,6632635.589840919,1959394.3105316758
Lightning Bolt Rack,5,,38.54127389,-121.74730351,6633946.894961089,1959040.8909629285
Lightning Bolt Rack,6,,38.54109883,-121.74759753,6633862.97682184,1958976.9019176662
Coat Hanger Rack,12,,38.54211023,-121.74818083,6633695.12118642,1959344.7699483335
Coat Hanger Rack,12,,38.54211315,-121.7481216,6633712.057832345,1959345.8805104196
Lightning Bolt Rack,23,,38.54215977,-121.74807823,6633724.415091097,1959362.8916312605
Lightning Bolt Rack,121,,38.54176006,-121.75037714,6633067.290093005,1959215.5110205114
Lightning Bolt Rack,8,,38.54210801,-121.74807512,6633725.35734643,1959344.0461965054
Lightning Bolt Rack,40,,38.54190853,-121.75042363,6633053.84392567,1959269.5460174233
Lightning Bolt Rack,8,,38.54208353,-121.74795963,6633758.41469501,1959335.2233795077
Lightning Bolt Rack,8,,38.54211534,-121.74797087,6633755.166341931,1959346.7978314161
Lightning Bolt Rack,8,,38.54213808,-121.74800446,6633745.535783753,1959355.0524080843
Lightning Bolt Rack,8,,38.54212809,-121.74804459,6633734.070583597,1959351.383780256
Lightning Bolt Rack,5,,38.54216543,-121.74795284,6633760.27394326,1959365.0517319292
Lightning Bolt Rack,6,,38.54215042,-121.74790925,6633772.7552175075,1959359.622280836
Lightning Bolt Rack,10,One spot is dented,38.54210306,-121.74788989,6633778.341164336,1959342.3910160959
Low Rack,6,,38.53810447,-121.74656287,6634161.950961426,1957887.243663922
Inverted U,6,Double Inverted U,38.53947536,-121.74448588,6634754.634487346,1958388.1570321769
Inverted U,8,Double Inverted U,38.53938038,-121.74446485,6634760.7486483455,1958353.5849228352
Coat Hanger Rack,23,,38.53781049,-121.74656739,6634160.958181262,1957780.1799016744
Lightning Bolt Rack,16,,38.53777746,-121.74665364,6634136.319779083,1957768.0818287581
Inverted U,12,Double Inverted U,38.53935253,-121.74421925,6634831.024754509,1958343.640060842
Inverted U,10,Double Inverted U,38.53924942,-121.74422458,6634829.606122181,1958306.0860020816
Coat Hanger Rack,12,,38.53729346,-121.7469564,6634050.211683586,1957591.5798851699
Inverted U,10,Double Inverted U,38.53951789,-121.744108,6634862.675609842,1958403.948667258
Inverted U,10,Double Inverted U,38.53951049,-121.74403028,6634884.9127700925,1958401.316126585
Inverted U,24,Double Inverted U,38.53971969,-121.74335044,6635079.150570586,1958478.0512093455
Inverted U,24,Double Inverted U,38.53960225,-121.74335114,6635079.072486758,1958435.281937927
Inverted U,12,Double Inverted U,38.53957152,-121.74310596,6635149.232123345,1958424.2878654152
Inverted U,12,Double Inverted U,38.53971001,-121.74310008,6635150.770178005,1958474.7306779176
Inverted U,8,,38.53807363,-121.74505407,6634593.549835756,1957877.2210461795
Inverted U,8,,38.53794896,-121.7450604,6634591.865784004,1957831.8130005002
Inverted U,38,,38.53777003,-121.74511997,6634575.011487007,1957766.602501005
Inverted U,12,,38.5373828,-121.74562424,6634431.166630343,1957625.1795555055
Inverted U,8,Double Inverted U,38.53906492,-121.74274472,6635253.078700423,1958240.090071082
Inverted U,12,Double Inverted U,38.5389549,-121.74277884,6635243.432722345,1958199.993038416
Inverted U,16,,38.53709941,-121.74526406,6634534.479415834,1957522.2634227574
Inverted U,12,Double Inverted U,38.53883316,-121.74277442,6635244.822811425,1958155.6620903462
Inverted U,12,,38.53709539,-121.74510049,6634581.271317005,1957520.9281235933
Inverted U,8,Double Inverted U,38.5390663,-121.74284337,6635224.860909089,1958240.5110020041
Inverted U,8,,38.53688313,-121.744923,6634632.258419752,1957443.7721099257
Inverted U,8,Double Inverted U,38.53906859,-121.74293417,6635198.88491118,1958241.2721553445
Inverted U,16,,38.53680774,-121.7447336,6634686.509623587,1957416.4693430066
Inverted U,12,Double Inverted U,38.53913813,-121.74309073,6635154.032966763,1958266.4715799987
Inverted U,16,,38.53680118,-121.74454565,6634740.2769045085,1957414.2298461795
Inverted U,8,Double Inverted U,38.53893773,-121.74305541,6635164.343969762,1958193.5189700127
Inverted U,8,,38.53718361,-121.74486232,6634649.307598263,1957553.2495812625
Inverted U,4,,38.5371792,-121.74477016,6634675.673687264,1957551.7177601755
Inverted U,8,Double Inverted U,38.53885462,-121.74304925,6635166.19009468,1958163.2542667538
Inverted U,18,,38.53721604,-121.74456788,6634733.495422006,1957565.2941765934
Inverted U,16,,38.53721165,-121.74435729,6634793.735787094,1957563.8647174984
Inverted U,8,Double Inverted U,38.53914987,-121.74370841,6634977.347296506,1958270.2461787611
Inverted U,22,,38.53744798,-121.7442721,6634817.861395001,1957650.0000439286
Inverted U,8,Double Inverted U,38.53942815,-121.74368545,6634983.629764259,1958371.6081807613
Inverted U,8,,38.53743014,-121.74484949,6634652.724258095,1957643.0394279212
Concrete Pod,3,,38.53745574,-121.74485177,6634652.045125589,1957652.3622439206
Inverted U,10,Double Inverted U,38.53909201,-121.74386315,6634933.145941347,1958249.049042672
Inverted U,8,,38.53768808,-121.74483195,6634657.47654517,1957736.9903555065
Inverted U,8,Double Inverted U,38.5390965,-121.74393029,6634913.93863067,1958250.6317166686
Inverted U,18,,38.53778921,-121.74462932,6634715.334369093,1957773.9833917618
Inverted U,8,Double Inverted U,38.53910132,-121.74403869,6634882.926881671,1958252.2987080961
Inverted U,20,,38.53777813,-121.74443723,6634770.288983583,1957770.1028220952
Inverted U,10,Double Inverted U,38.53910207,-121.74412646,6634857.82096076,1958252.503432095
Inverted U,8,,38.53783671,-121.74423008,6634829.481778592,1957791.6008105874
Inverted U,10,,38.53783403,-121.74415507,6634850.937772423,1957790.68513
Inverted U,16,,38.53777358,-121.74397705,6634901.919953927,1957768.8144388348
Inverted U,14,,38.53777314,-121.7437955,6634953.850952417,1957768.801643595
Inverted U,10,Double Inverted U,38.53950778,-121.74393111,6634913.281151667,1958400.411600843
Lightning Bolt Rack,28,,38.54031667,-121.74160724,6635577.135138929,1958696.8726220876
Inverted U,10,Double Inverted U,38.53950534,-121.74383776,6634939.984838426,1958399.5966418386
Inverted U,10,Double Inverted U,38.5396141,-121.74361522,6635003.524409503,1958439.3849480897
Inverted U,12,Double Inverted U,38.53972106,-121.74360353,6635006.759639263,1958478.3455000818
Inverted U,8,Double Inverted U,38.5394726,-121.742651,6635279.463162094,1958388.6317687482
Inverted U,8,Double Inverted U,38.53947726,-121.74272539,6635258.180724338,1958390.2689045817
Inverted U,8,Double Inverted U,38.53947709,-121.74283414,6635227.075799674,1958390.11995475
Inverted U,34,,38.5375205,-121.74511514,6634576.647638589,1957675.7339163423
Inverted U,8,Double Inverted U,38.53948378,-121.74290228,6635207.579447597,1958392.5011835843
Inverted U,6,Double Inverted U,38.53938957,-121.74306988,6635159.73767975,1958358.054730177
Inverted U,12,,38.53737756,-121.74538986,6634498.213740334,1957623.4567899257
Inverted U,12,,38.53725635,-121.74539132,6634497.920433834,1957579.3161301762
Inverted U,12,,38.5372556,-121.74562871,6634430.019322917,1957578.851564169
Inverted U,10,Double Inverted U,38.53905991,-121.74265912,6635277.565856174,1958238.3335129172
Inverted U,12,,38.53804419,-121.7448168,6634661.447009668,1957866.6882588416
Inverted U,12,,38.53794534,-121.74481901,6634660.917483181,1957830.690627426
Inverted U,16,,38.53821034,-121.74461307,6634719.551880345,1957927.3633343428
Inverted U,20,,38.53820911,-121.74440935,6634777.823417336,1957927.076261416
Inverted U,10,,38.53812124,-121.74422166,6634831.597259924,1957895.2301965058
Inverted U,8,,38.53824202,-121.74404597,6634881.726424754,1957939.3567486703
Inverted U,8,,38.53833167,-121.7440431,6634882.45641017,1957972.0056335032
Inverted U,10,,38.53842157,-121.74421382,6634833.531639263,1958004.6079305112
Inverted U,20,,38.53849849,-121.74440369,6634779.144937009,1958032.4681110084
Inverted U,16,,38.53849901,-121.74461104,6634719.835016251,1958032.4907487482
Inverted U,10,,38.53865737,-121.74449347,6634753.3018128425,1958090.257037416
Inverted U,8,,38.53875441,-121.74446773,6634760.565905929,1958125.6175310016
Inverted U,8,,38.53875851,-121.74422609,6634829.6783005,1958127.3045355082
Inverted U,8,,38.53865833,-121.74422663,6634829.6248229295,1958090.8197003454
Inverted U,20,,38.53874322,-121.74389987,6634923.002917007,1958121.9981156737
Inverted U,20,,38.53874144,-121.74370303,6634979.304641679,1958121.510255754
Inverted U,10,,38.53866983,-121.7435126,6635033.848495841,1958095.5851107538
Inverted U,10,,38.5386712,-121.74345159,6635051.298920259,1958096.1336660832
Inverted U,20,,38.53873188,-121.7432373,6635112.529768929,1958118.4029785097
Inverted U,20,,38.53872381,-121.74304495,6635167.555905595,1958115.6221441776
Inverted U,16,,38.53846904,-121.74338774,6635069.767715335,1958022.5609785914
Inverted U,16,,38.53847447,-121.74356552,6635018.911517844,1958024.3962767571
Inverted U,4,,38.53840812,-121.7437761,6634958.748580426,1958000.0620078444
Inverted U,12,,38.53831089,-121.7438041,6634950.839147419,1957964.6326167583
Inverted U,10,,38.53822518,-121.74380401,6634950.952008083,1957933.4190964997
Inverted U,16,,38.53805284,-121.7434434,6635054.276276514,1957870.9457962513
Inverted U,14,,38.5380604,-121.74366419,6634991.114985511,1957873.5225627571
Playground Rack,6,,38.54042589,-121.74424248,6634823.281331673,1958734.5159195065
Concrete Pod,13,,38.54058342,-121.74480982,6634660.846289083,1958791.4285353422
Lightning Bolt Rack,230,,38.54200732,-121.74890715,6633487.48413451,1959306.7162186652
Lightning Bolt Rack,32,,38.54208479,-121.7487143,6633542.563420668,1959335.0832879245
Lightning Bolt Rack,18,,38.54310278,-121.74923728,6633391.960703507,1959705.4001325816
Lightning Bolt Rack,48,,38.54287794,-121.74893894,6633477.51729092,1959623.754626587
Coat Hanger Rack,126,,38.54284119,-121.748986,6633464.093433261,1959610.332737416
Lightning Bolt Rack,44,,38.5432633,-121.74944723,6633331.750850171,1959763.692666918
Lightning Bolt Rack,20,,38.54318423,-121.74940701,6633343.333832264,1959734.9273045063
Lightning Bolt Rack,128,,38.54321299,-121.74992143,6633196.173693508,1959744.9961820096
Lightning Bolt Rack,24,,38.54340758,-121.7501095,6633142.188565254,1959815.7145445049
Lightning Bolt Rack,24,,38.54374939,-121.75020886,6633113.428452179,1959940.1165266782
Lightning Bolt Rack,13,,38.54295464,-121.75008562,6633149.47398375,1959650.7834439278
Lightning Bolt Rack,34,,38.54269131,-121.75070555,6632972.428734168,1959554.3958414197
Lightning Bolt Rack,5,,38.54406264,-121.74930376,6633371.981412753,1960054.9059952497
Coat Hanger Rack,24,,38.54415664,-121.74895897,6633470.49958843,1960089.4108475
Coat Hanger Rack,22,,38.54396027,-121.74885751,6633499.717705846,1960017.9789037555
Lightning Bolt Rack,5,,38.54387664,-121.74873481,6633534.894800842,1959987.6206967533
Coat Hanger Rack,12,,38.54402378,-121.74867611,6633551.533875167,1960041.2501826733
Coat Hanger Rack,56,,38.54340422,-121.74859256,6633576.054823503,1959815.688297838
Lightning Bolt Rack,20,,38.54330292,-121.7487641,6633527.094619587,1959778.658516258
Coat Hanger Rack,84,,38.54301455,-121.7504229,6633052.945633501,1959672.3339257538
Coat Hanger Rack,14,,38.5429625,-121.75076037,6632956.477978677,1959653.1157883406
Lightning Bolt Rack,6,,38.54295973,-121.75080319,6632944.232924417,1959652.0724833459
Lightning Bolt Rack,144,,38.54304192,-121.75129151,6632804.485172421,1959681.6226210892
Lightning Bolt Rack,48,,38.54271539,-121.75222851,6632536.816088334,1959561.9729260057
Coat Hanger Rack,54,,38.54293736,-121.75279205,6632375.415820584,1959642.3704030067
Lightning Bolt Rack,10,,38.54298457,-121.75266693,6632411.15525043,1959659.6610508412
Lightning Bolt Rack,5,,38.54306919,-121.75268299,6632406.475797847,1959690.4657792598
Lightning Bolt Rack,22,,38.54367593,-121.75215012,6632558.28323701,1959911.843289256
Coat Hanger Rack,44,,38.54376479,-121.75162142,6632709.407606676,1959944.6161895841
Varsity Rack,4,Varsity lock,38.54366516,-121.75077142,6632952.614797428,1959908.998150587
Lightning Bolt Rack,2,,38.53598079,-121.75157981,6632729.058486,1957109.8836700916
Lightning Bolt Rack,2,,38.53598141,-121.75167885,6632700.726521671,1957110.033276096
Lightning Bolt Rack,4,,38.53776115,-121.76010846,6630287.798604757,1957751.6980032623
Playground Rack,6,,38.5382265,-121.75649117,6631322.013399839,1957923.9217401743
Low Rack,6,,38.53779134,-121.75682802,6631226.087738678,1957765.1881337613
Coat Hanger Rack,12,,38.53768048,-121.7565074,6631317.903499931,1957725.0589489192
Coat Hanger Rack,12,,38.53788313,-121.75727069,6631099.380971089,1957798.2779625952
Playground Rack,6,,38.53813502,-121.75622928,6631397.011937514,1957890.8076331764
Low Rack,6,,38.53785242,-121.75622232,6631399.279649511,1957787.896093592
Coat Hanger Rack,56,,38.54070891,-121.75349729,6632175.90703325,1958830.2709773332
Coat Hanger Rack,56,,38.54062423,-121.75395448,6632045.2248799205,1958799.076485917
Lightning Bolt Rack,84,,38.53976842,-121.75361428,6632143.375930339,1958487.6722530872
Lightning Bolt Rack,28,,38.5402583,-121.75448121,6631894.927608341,1958665.406149596
Lightning Bolt Rack,8,,38.54039991,-121.75459681,6631861.725575,1958716.8870177567
Lightning Bolt Rack,8,,38.54037864,-121.75474386,6631819.686617091,1958709.0271253437
Lightning Bolt Rack,8,,38.54035237,-121.75487619,6631781.86353001,1958699.36014992
Coat Hanger Rack,70,,38.53931604,-121.75696863,6631184.3850661665,1958320.3441756666
Lightning Bolt Rack,6,,38.54033104,-121.75498716,6631750.143777177,1958691.5058349222
Lightning Bolt Rack,11,,38.54028913,-121.75518017,6631694.97951743,1958676.0944484174
Coat Hanger Rack,14,,38.53983059,-121.75717851,6631123.8510665,1958507.5685387552
Playground Rack,6,,38.54026678,-121.75751986,6631025.793191761,1958666.1607412547
Coat Hanger Rack,14,,38.54244831,-121.75795723,6630898.578551173,1959460.293011263
Lightning Bolt Rack,8,,38.5424468,-121.75791312,6630911.195651919,1959459.7766080946
Lightning Bolt Rack,45,,38.5430287,-121.75402705,6632022.097957671,1959674.6777530909
Coat Hanger Rack,14,,38.5424476,-121.75783279,6630934.1700154245,1959460.1289695948
Lightning Bolt Rack,29,,38.54244712,-121.75777703,6630950.119458586,1959459.9974081665
Lightning Bolt Rack,20,,38.54303364,-121.7535449,6632159.995647758,1959676.8496647626
Coat Hanger Rack,28,,38.54145955,-121.7531963,6632261.255287752,1959103.8708238453
Low Rack,6,Removed,38.54042886,-121.75300906,6632315.831622168,1958728.662256673
Coat Hanger Rack,56,,38.54141773,-121.75342783,6632195.075958177,1959088.4614058435
Lightning Bolt Rack,116,,38.54008227,-121.75251461,6632457.597742841,1958602.8255660832
Coat Hanger Rack,28,,38.54098485,-121.75453491,6631878.853493512,1958929.9590981752
Lightning Bolt Rack,84,,38.53962366,-121.75237955,6632496.683622673,1958435.9151387513
Lightning Bolt Rack,15,,38.54102677,-121.75454657,6631875.476859838,1958945.2156293392
Lightning Bolt Rack,40,,38.53917242,-121.75247427,6632470.038006678,1958271.5086434186
Bike Locker,2,,38.54095697,-121.75476187,6631813.965499923,1958919.6287382543
Lightning Bolt Rack,25,,38.5408932,-121.75506195,6631728.199923426,1958896.1753730923
Lightning Bolt Rack,24,,38.53918575,-121.75417577,6631983.347379014,1958275.0437413454
Lightning Bolt Rack,40,,38.5404847,-121.7553259,6631653.104601175,1958747.2035581768
Bike Stall,6,,38.53985513,-121.75414411,6631991.743687674,1958518.8404978365
Lightning Bolt Rack,72,,38.53917257,-121.75465338,6631846.752179757,1958269.8744603395
Coat Hanger Rack,176,"All one group, one rack tilted, one rack broken",38.54051743,-121.75514862,6631703.779696673,1958759.2593083382
Lightning Bolt Rack,96,,38.53943931,-121.75496322,6631757.866202667,1958366.776825592
Lightning Bolt Rack,50,,38.54051894,-121.7549044,6631773.6292945,1958759.9984800816
Lightning Bolt Rack,65,,38.54061028,-121.75468051,6631837.577001259,1958793.4354210943
Lightning Bolt Rack,199,,38.53928272,-121.75539682,6631633.999652505,1958309.415391758
Lightning Bolt Rack,35,,38.54067694,-121.75428099,6631951.783793837,1958818.0210018456
Lightning Bolt Rack,8,,38.5404289,-121.75442504,6631910.826198593,1958727.577613175
Lightning Bolt Rack,20,,38.54074286,-121.75579499,6631518.681313589,1958840.860195011
Coat Hanger Rack,48,,38.54026302,-121.75562354,6631568.188760504,1958666.2427620888
Lightning Bolt Rack,10,,38.54068248,-121.75725211,6631101.972829416,1958817.7552543432
Coat Hanger Rack,12,,38.54126915,-121.75567394,6631552.788856924,1959032.6147327572
Lightning Bolt Rack,10,,38.54181449,-121.75490626,6631771.825492337,1959231.807247758
Coat Hanger Rack,12,,38.54178026,-121.75509615,6631717.547385678,1959219.1967086792
Lightning Bolt Rack,12,,38.53963049,-121.75739438,6631062.301320836,1958434.5319394171
Lightning Bolt Rack,49,,38.53973033,-121.75736997,6631069.186805755,1958470.9127721786
Lightning Bolt Rack,40,,38.54012681,-121.75725614,6631101.359641671,1958615.389517337
Lightning Bolt Rack,20,,38.54191995,-121.75393805,6632048.64777334,1959270.9633374214
Lightning Bolt Rack,10,,38.54191584,-121.75433185,6631936.016765013,1959269.1621599197
Coat Hanger Rack,14,,38.54027175,-121.75748824,6631034.833528012,1958667.9940709174
Low Rack,6,,38.54169137,-121.75341346,6632198.91551742,1959188.1262327582
Coat Hanger Rack,8,,38.54215127,-121.75325005,6632245.198233262,1959355.7390865088
Lightning Bolt Rack,18,,38.54046853,-121.75871508,6630683.7364611775,1958738.7245725095
Lightning Bolt Rack,20,,38.54229018,-121.75401903,6632025.11927709,1959405.7314405888
Lightning Bolt Rack,15,,38.54221322,-121.75463555,6631848.861099422,1959377.2259201705
Lightning Bolt Rack,10,,38.54211916,-121.75495439,6631757.759903669,1959342.7246768326
Bike Stall,6,,38.54169833,-121.75555016,6631587.772710845,1959189.010745421
Coat Hanger Rack,8,,38.54169186,-121.75557383,6631581.007632509,1959186.6334535927
Lightning Bolt Rack,559,,38.54275051,-121.75847392,6630750.505028427,1959569.956505835
Park-rite Rack,32,,38.54287178,-121.75593381,6631476.894651756,1959616.061072424
Coat Hanger Rack,12,,38.54270052,-121.75853892,6630731.9624145925,1959551.7009649277
Coat Hanger Rack,56,,38.54257244,-121.75857212,6630722.589401841,1959505.030454591
Lightning Bolt Rack,5,,38.54253698,-121.75838566,6630775.9557649195,1959492.2588265836
Lightning Bolt Rack,28,,38.54347414,-121.7560561,6631441.32976225,1959835.3332716674
Bike Rail,56,,38.54336094,-121.75552535,6631593.238907263,1959794.514455676
Lightning Bolt Rack,208,,38.54263751,-121.7580013,6630885.789206669,1959529.1622960865
Coat Hanger Rack,14,,38.54244708,-121.75804229,6630874.25281243,1959459.779888928
Lightning Bolt Rack,12,,38.54244469,-121.75800161,6630885.889600173,1959458.9413079172
Coat Hanger Rack,12,,38.54277802,-121.75438687,6631919.431496337,1959583.1054296792
Lightning Bolt Rack,20,,38.54356935,-121.7535973,6632144.480258837,1959871.9020961672
Lightning Bolt Rack,16,,38.54242698,-121.75696406,6631182.661644429,1959453.2848231792
Bike Rail,10,,38.54362327,-121.75408795,6632004.095369011,1959891.1605878323
Coat Hanger Rack,28,,38.54242796,-121.75685576,6631213.635991931,1959453.7231425047
Lightning Bolt Rack,5,,38.54243775,-121.75676879,6631238.501755834,1959457.3560092598
Lightning Bolt Rack,10,,38.54083726,-121.75830002,6630802.096132591,1958873.324040845
Coat Hanger Rack,28,,38.5411614,-121.75916215,6630555.195379674,1958990.7145540863
Bike Locker,4,,38.54190057,-121.7588145,6630653.914998502,1959260.164802596
Varsity Rack,6,,38.54194333,-121.75881154,6630654.720771179,1959275.7415430844
Lightning Bolt Rack,26,,38.54200227,-121.75881621,6630653.329697847,1959297.202786252
Other,8,,38.54211831,-121.75881037,6630654.885140926,1959339.4661531746
Lightning Bolt Rack,6,,38.54455081,-121.75493937,6631759.66705209,1960228.2914752513
Low Rack,6,,38.54585045,-121.75760767,6630995.252242342,1960699.546110168
Lightning Bolt Rack,28,,38.54433165,-121.75730149,6631084.299308345,1960146.665326178
Bike Rail,8,,38.54569118,-121.75534984,6631641.15416576,1960643.2755534202
Lightning Bolt Rack,121,,38.54296308,-121.75881093,6630653.910405338,1959647.1128475815
Lightning Bolt Rack,121,,38.54327222,-121.75880023,6630656.672538921,1959759.7035016716
Lightning Bolt Rack,76,,38.54453545,-121.75905067,6630583.823603258,1960219.551991418
Lightning Bolt Rack,35,,38.54463903,-121.75884865,6630641.500981346,1960257.4295403361
Lightning Bolt Rack,46,,38.54476832,-121.75849529,6630742.438771591,1960304.781479761
Lightning Bolt Rack,48,,38.54474106,-121.75824876,6630812.97406359,1960295.0419979244
Lightning Bolt Rack,56,,38.54446712,-121.75808914,6630858.892606929,1960195.3998087496
Lightning Bolt Rack,66,,38.54445358,-121.75797124,6630892.626463339,1960190.5602515042
Lightning Bolt Rack,22,,38.54435607,-121.7581375,6630845.16855301,1960154.920559004
Lightning Bolt Rack,8,,38.5439923,-121.75666578,6631266.4465818405,1960023.5674752593
Lightning Bolt Rack,18,,38.54395128,-121.75671678,6631251.902319595,1960008.5898149163
Lightning Bolt Rack,75,,38.54430368,-121.75851828,6630736.313127667,1960135.553471759
Lightning Bolt Rack,65,,38.54448078,-121.75879096,6630658.154819429,1960199.8427132517
Lightning Bolt Rack,15,,38.54434536,-121.75629885,6631371.04709442,1960152.426141426
Lightning Bolt Rack,15,,38.54432778,-121.75630303,6631369.86993143,1960146.0209705085
Lightning Bolt Rack,15,,38.54434982,-121.75597914,6631462.484247506,1960154.294904083
Lightning Bolt Rack,15,,38.54432773,-121.75598156,6631461.81331709,1960146.2470199168
Lightning Bolt Rack,18,,38.54396863,-121.75589568,6631486.726325005,1960015.5382918417
Lightning Bolt Rack,15,,38.54373082,-121.75556496,6631581.549298093,1959929.1857742518
Lightning Bolt Rack,15,,38.54412492,-121.75547369,6631607.26512593,1960072.7803033441
Lightning Bolt Rack,18,,38.54528934,-121.7586184,6630706.725916505,1960494.4307067543
Lightning Bolt Rack,15,,38.54415069,-121.75546657,6631609.276932925,1960082.1693921685
Lightning Bolt Rack,12,,38.5452881,-121.75856882,6630720.906006262,1960494.0176498443
Lightning Bolt Rack,26,,38.54390798,-121.75512917,6631706.013944179,1959994.0409595072
Lightning Bolt Rack,20,,38.54528276,-121.75836725,6630778.563371256,1960492.2286114246
Lightning Bolt Rack,36,,38.54389722,-121.75500876,6631740.465318844,1959990.2132112533
Lightning Bolt Rack,72,,38.54538902,-121.75826446,6630807.856947839,1960531.0024840087
Inverted U,31,,38.54384209,-121.75512484,6631707.31774734,1959970.046584919
Inverted U,45,,38.54384054,-121.75496681,6631752.51680392,1959969.6049847603
Lightning Bolt Rack,106,,38.54548258,-121.75837044,6630777.457074255,1960564.9965105057
Lightning Bolt Rack,24,,38.54439375,-121.75380924,6632083.048951253,1960171.9661285877
Low Rack,12,,38.54574111,-121.75831979,6630791.690969676,1960659.1856265962
Bike Rail,6,,38.54440955,-121.7539368,6632046.548368096,1960177.6213010103
Lightning Bolt Rack,16,,38.54465937,-121.75391573,6632052.328868344,1960268.6188224256
Lightning Bolt Rack,85,,38.54590284,-121.75818447,6630830.235840097,1960718.1861647516
Lightning Bolt Rack,63,,38.54580308,-121.75802362,6630876.336141586,1960681.9769195914
Coat Hanger Rack,12,,38.5448824,-121.75452174,6631878.786564514,1960349.372269839
Lightning Bolt Rack,8,,38.54587447,-121.75811392,6630850.44085218,1960707.907313928
Low Rack,5,,38.54582797,-121.75790518,6630910.187451839,1960691.1307726651
Bike Rail,12,,38.54488813,-121.75460632,6631854.590418667,1960351.3929350823
Lightning Bolt Rack,23,,38.54576075,-121.75778638,6630944.229050428,1960666.7443385124
Low Rack,18,,38.54572194,-121.75761923,6630992.071802512,1960652.7374767512
Lightning Bolt Rack,15,,38.54439052,-121.75521176,6631681.920488417,1960169.7076029181
Lightning Bolt Rack,15,,38.54442324,-121.75522317,6631678.625547513,1960181.6147313416
Lightning Bolt Rack,11,,38.54583308,-121.75752907,6631017.749900758,1960693.2797185034
Lightning Bolt Rack,8,,38.54583287,-121.75744243,6631042.530363008,1960693.2695479244
Inverted U,17,,38.54455228,-121.75553264,6631589.986289084,1960228.3715275824
Lightning Bolt Rack,83,,38.54574277,-121.75750041,6631026.035317257,1960660.4149548411
Low Rack,10,,38.54578668,-121.75732816,6631075.256675512,1960676.5353294164
Lightning Bolt Rack,5,,38.54450824,-121.7565629,6631295.368111923,1960211.5392121673
Lightning Bolt Rack,48,,38.54456145,-121.75668372,6631260.761553839,1960230.8278875053
Lightning Bolt Rack,81,,38.54595182,-121.75735904,6631066.264895588,1960736.6533194184
Lightning Bolt Rack,76,,38.54440723,-121.75718026,6631118.8993047625,1960174.2840373367
Lightning Bolt Rack,59,,38.54551922,-121.75735728,6631067.188122094,1960579.1119678319
Lightning Bolt Rack,84,,38.54408921,-121.7576015,6630998.728613347,1960058.1431934983
Lightning Bolt Rack,72,,38.54544,-121.75717217,6631120.207701087,1960550.4004110843
Lightning Bolt Rack,42,,38.54535913,-121.75736113,6631066.241273597,1960520.8063101768
Lightning Bolt Rack,60,,38.54397768,-121.7572171,6631108.779574335,1960017.8227360845
Bike Rail,8,,38.54568738,-121.75583275,6631503.0432215035,1960641.5166986734
Bike Rail,8,,38.54569612,-121.75599744,6631455.93340759,1960644.5734510869
Low Rack,5,,38.54558418,-121.75532898,6631647.225347847,1960604.3228754252
Bike Rail,24,,38.54565047,-121.75651332,6631308.434358761,1960627.556096673
Bike Rail,16,,38.54551204,-121.75533414,6631645.818526506,1960578.047009334
Bike Rail,8,,38.54542767,-121.75533099,6631646.802120343,1960547.3226613402
Coat Hanger Rack,70,,38.54544587,-121.75629396,6631371.372881174,1960553.212085262
Coat Hanger Rack,70,,38.54533712,-121.75628159,6631375.014934257,1960513.6170200855
Bike Rail,16,,38.5454842,-121.75542794,6631619.019695595,1960567.8363998383
Bike Rail,24,,38.54538581,-121.75669324,6631257.235642254,1960531.0333238393
Bike Rail,16,,38.54547957,-121.75560436,6631568.567368671,1960566.014225006
Bike Rail,12,,38.54524253,-121.75537909,6631633.226688176,1960479.8631505817
Bike Rail,16,,38.54510674,-121.75654339,6631300.364821091,1960429.5167945921
Bike Rail,8,,38.5452044,-121.75534646,6631642.595763922,1960466.0006455034
Bike Rail,12,,38.54513852,-121.75538711,6631631.035091504,1960441.9764153361
Bike Rail,6,,38.54520328,-121.75590416,6631483.09214592,1960465.1643610895
Bike Rail,16,,38.54548437,-121.75584985,6631498.35261409,1960567.5716365874
Bike Rail,23,,38.54538136,-121.75518782,6631687.794164345,1960530.5700701773
Bike Rail,6,,38.53283495,-121.75640329,6631352.414585754,1955960.5024386793
Lightning Bolt Rack,4,,38.53218559,-121.75862491,6630717.538230836,1955722.3231250048
Lightning Bolt Rack,5,,38.53177526,-121.76078553,6630099.871815264,1955571.2558418363
Bike Rail,8,,38.53281344,-121.75998825,6630326.9438676685,1955949.9411080927
Lightning Bolt Rack,32,,38.53282994,-121.7598069,6630378.80367209,1955956.0874212533
Lightning Bolt Rack,8,,38.53370181,-121.75986859,6630360.318144754,1956273.5543060005
Coat Hanger Rack,24,,38.53393668,-121.75956843,6630445.952159837,1956359.3175859153
Bike Rail,6,,38.53398024,-121.7578284,6630943.643093586,1956376.5009505004
Bike Rail,18,,38.53407379,-121.7550161,6631748.008282751,1956412.7269279212
Bike Rail,12,,38.53391506,-121.7533998,6632210.50768584,1956356.1735633463
Coat Hanger Rack,12,,38.53410947,-121.75283545,6632371.7448961735,1956427.4116098434
Bike Rail,6,,38.53414863,-121.75270674,6632408.525662512,1956441.7734577507
Bike Rail,16,,38.53144195,-121.75863503,6630715.363694504,1955451.4991915822
Lightning Bolt Rack,5,,38.52952614,-121.76204244,6629742.468658671,1954751.2302509248
Lightning Bolt Rack,5,,38.52972228,-121.76253658,6629600.923010007,1954822.2914604992
Lightning Bolt Rack,5,,38.52987207,-121.7620289,6629746.010318264,1954877.2195002586
Playground Rack,6,,38.53126531,-121.76145181,6629909.765240088,1955385.0403349996
Low Rack,11,,38.53120966,-121.76137147,6629932.8006270975,1955364.8340105861
Lightning Bolt Rack,32,,38.53167486,-121.76325371,6629393.92506443,1955532.843189001
Lightning Bolt Rack,40,,38.53541246,-121.76219411,6629693.470069006,1956894.788955927
Lightning Bolt Rack,32,,38.53542943,-121.76188992,6629780.466614172,1956901.195111096
Lightning Bolt Rack,16,,38.53555305,-121.76522128,6628827.435383752,1956943.7357084155
Lightning Bolt Rack,7,,38.5353218,-121.76485895,6628931.294756085,1956859.7880416662
Lightning Bolt Rack,20,,38.53532389,-121.7647098,6628973.956744254,1956860.6600871682
Lightning Bolt Rack,66,,38.53738517,-121.76151433,6629886.032019839,1957613.7179642618
Lightning Bolt Rack,78,,38.53748023,-121.76121851,6629970.556785181,1957648.555821091
Lightning Bolt Rack,48,,38.5319825,-121.76667902,6628413.798743844,1955642.346250832
Lightning Bolt Rack,24,,38.53153767,-121.76641062,6628490.99183093,1955480.5460495055
Lightning Bolt Rack,10,,38.5400964,-121.76244679,6629616.73367393,1958600.3882350028
Coat Hanger Rack,28,,38.53930575,-121.76268571,6629549.1501476765,1958312.2743099183
Coat Hanger Rack,24,,38.53935156,-121.76242554,6629623.521718085,1958329.1499323398
Lightning Bolt Rack,90,,38.54036997,-121.76188681,6629776.641818672,1958700.4375755936
Coat Hanger Rack,12,,38.54081058,-121.76319548,6629401.912253171,1958859.9205243438
Coat Hanger Rack,36,,38.5408156,-121.76360257,6629285.472525418,1958861.4451275915
Coat Hanger Rack,14,,38.54098708,-121.76383293,6629219.421476424,1958923.721905917
Coat Hanger Rack,14,,38.54110134,-121.76375219,6629242.406338587,1958965.393082425
Coat Hanger Rack,24,,38.54103445,-121.76357286,6629293.761878923,1958941.165768668
Coat Hanger Rack,14,,38.54101213,-121.76315551,6629413.155012846,1958933.3485270888
Coat Hanger Rack,24,,38.54137825,-121.76355645,6629298.128011927,1959066.3833660036
Coat Hanger Rack,14,,38.54129961,-121.76373866,6629246.088089764,1959037.609801501
Coat Hanger Rack,14,,38.54144352,-121.76385163,6629213.640976176,1959089.9338438362
Coat Hanger Rack,12,,38.54150842,-121.7636595,6629268.532270595,1959113.7126676738
Coat Hanger Rack,12,,38.54160512,-121.76312797,6629420.468318418,1959149.3257854283
Coat Hanger Rack,12,,38.54161203,-121.7628401,6629502.798206255,1959152.0564230084
Coat Hanger Rack,48,,38.54161403,-121.76270917,6629540.244653672,1959152.8812244982
Coat Hanger Rack,12,,38.54161547,-121.76258622,6629575.409281507,1959153.4996615946
Coat Hanger Rack,14,,38.5413178,-121.7624839,6629604.957450762,1959045.1704819202
Coat Hanger Rack,12,,38.54118843,-121.76260508,6629570.421430588,1958997.9658519179
Coat Hanger Rack,12,,38.54118814,-121.76284812,6629500.905165419,1958997.6794351786
Coat Hanger Rack,24,,38.54098525,-121.76248488,6629604.993539929,1958924.0627845079
Coat Hanger Rack,36,,38.54070716,-121.76277035,6629523.606891677,1958822.5754546672
Coat Hanger Rack,14,,38.54075274,-121.76227971,6629663.898933917,1958839.5396595895
Coat Hanger Rack,14,,38.54073628,-121.76218404,6629691.276175752,1958833.6167711765
Coat Hanger Rack,14,,38.540869,-121.76227911,6629663.95864509,1958881.87979801
Coat Hanger Rack,36,,38.54095139,-121.76204322,6629731.350570679,1958912.0614961684
Coat Hanger Rack,14,,38.54089487,-121.76189399,6629774.088346094,1958891.5894242525
Coat Hanger Rack,42,,38.54075881,-121.76156467,6629868.410335928,1958842.2844047546
Coat Hanger Rack,14,,38.54068224,-121.76146354,6629897.407325178,1958814.4777018428
Coat Hanger Rack,14,,38.54067691,-121.76120783,6629970.551207751,1958812.7260649204
Coat Hanger Rack,28,,38.5408947,-121.76117638,6629979.339904085,1958892.0648170114
Coat Hanger Rack,14,,38.54093395,-121.76136351,6629925.777675256,1958906.2203005105
Coat Hanger Rack,12,,38.54100799,-121.76148247,6629891.6825990975,1958933.0949186683
Coat Hanger Rack,14,,38.54116168,-121.76137085,6629923.462063089,1958989.1476280838
Coat Hanger Rack,14,,38.5411511,-121.76118475,6629976.701129839,1958985.4347090125
Coat Hanger Rack,14,,38.5411985,-121.76113245,6629991.612517342,1959002.7361835837
Coat Hanger Rack,14,,38.54131867,-121.76138763,6629918.512926012,1959046.3086030036
Coat Hanger Rack,14,,38.54131236,-121.76116417,6629982.432417586,1959044.1786860079
Coat Hanger Rack,12,,38.54114098,-121.76176818,6629809.836306095,1958981.3126700073
Coat Hanger Rack,12,,38.54123979,-121.76175152,6629814.507228509,1959017.310301423
Coat Hanger Rack,42,,38.54150206,-121.76185743,6629783.962998256,1959112.743837595
Coat Hanger Rack,28,,38.54160269,-121.76217134,6629694.083912924,1959149.1545259207
Coat Hanger Rack,14,,38.54157372,-121.76228323,6629662.108911261,1959138.5200327486
Coat Hanger Rack,14,,38.54146541,-121.76229017,6629660.227681428,1959099.071292758
Coat Hanger Rack,48,,38.54145951,-121.76147675,6629892.886664927,1959097.5309415013
Coat Hanger Rack,14,,38.54176295,-121.76184176,6629788.197241753,1959207.764316842
Coat Hanger Rack,14,,38.54176806,-121.76169103,6629831.304439008,1959209.7380661666
Coat Hanger Rack,12,,38.54174436,-121.76150763,6629883.783664763,1959201.2453010082
Coat Hanger Rack,14,,38.5417509,-121.76136116,6629925.670063928,1959203.7374220043
Coat Hanger Rack,42,,38.5428045,-121.76091738,6630051.588775337,1959587.7701185048
Lightning Bolt Rack,20,,38.54283088,-121.76118075,6629976.235907674,1959597.1762676686
Lightning Bolt Rack,13,,38.54285344,-121.76150362,6629883.867982179,1959605.1523015946
Lightning Bolt Rack,9,,38.54286748,-121.76189393,6629772.220895752,1959609.9702053368
Coat Hanger Rack,24,,38.54371787,-121.76280342,6629511.286050171,1959918.9846791774
Varsity Rack,2,,38.54363238,-121.76263383,6629559.873551428,1959887.9798199236
Lightning Bolt Rack,2,,38.54364094,-121.76245934,6629609.7714175135,1959891.2265325934
Lightning Bolt Rack,6,,38.5432254,-121.76440048,6629054.9759391695,1959738.4502633363
Lightning Bolt Rack,8,,38.54340724,-121.76472963,6628960.663135678,1959804.429790169
Lightning Bolt Rack,4,,38.54341466,-121.76516851,6628835.130906418,1959806.8074100912
Low Rack,6,,38.54340546,-121.76517659,6628832.830386087,1959803.4507895112
Lightning Bolt Rack,4,,38.54348239,-121.76528754,6628801.025003508,1959831.3838045
Coat Hanger Rack,132,,38.53972348,-121.76424855,6629101.739625171,1958463.2379187495
Coat Hanger Rack,46,,38.53940081,-121.76448425,6629034.625586167,1958345.5534428358
Low Rack,18,,38.53969755,-121.76480067,6628943.842959344,1958453.3845920116
Coat Hanger Rack,22,,38.53858544,-121.7640907,6629147.964598343,1958048.9050860107
Coat Hanger Rack,24,,38.53858268,-121.76389554,6629203.786665171,1958048.0468199998
Lightning Bolt Rack,48,,38.53873268,-121.76357071,6629296.55813317,1958102.913180083
Lightning Bolt Rack,20,,38.5390469,-121.7632685,6629382.699037001,1958217.5697749257
Coat Hanger Rack,42,,38.53904853,-121.76293775,6629477.301866174,1958218.4116367549
Park-rite Rack,24,,38.544166,-121.76066268,6630123.129642755,1960083.790451929
Park-rite Rack,24,,38.54418482,-121.76153093,6629874.785323173,1960089.9908988327
Park-rite Rack,8,,38.54440356,-121.76184676,6629784.247774586,1960169.4156087488
Park-rite Rack,24,,38.54463632,-121.7614676,6629892.467374429,1960254.4633389264
Park-rite Rack,31,,38.54572852,-121.76172963,6629816.481634006,1960652.0222550929
Park-rite Rack,29,,38.54558968,-121.76173343,6629815.527239591,1960601.4570675045
Park-rite Rack,8,,38.5453361,-121.76127623,6629946.531242669,1960509.4529864192
Park-rite Rack,8,,38.54584839,-121.76124922,6629953.7658082545,1960696.039555505
Park-rite Rack,24,,38.54548688,-121.76077502,6630089.73568067,1960564.741261676
Lightning Bolt Rack,88,,38.54453489,-121.75730214,6631083.91577892,1960220.680926174
Park-rite Rack,24,,38.54563572,-121.76077264,6630090.271768838,1960618.9488304257
Other,,,38.54491409,-121.76090194,6630053.982799426,1960356.0484375954
Lightning Bolt Rack,5,,38.54041155,-121.75859065,6630719.381731093,1958718.0687739253
Other,,,38.5448692,-121.76090042,6630054.462129176,1960339.7003731728
Concrete Pod,15,,38.54486596,-121.76088524,6630058.806936756,1960338.5323965102
Concrete Pod,5,,38.54490845,-121.76089355,6630056.3892906755,1960354.0015256703
Other,,,38.54492626,-121.7612054,6629967.179495335,1960360.2505289167
Concrete Pod,10,,38.54493138,-121.76118023,6629974.375347093,1960362.136351928
Other,,,38.54485995,-121.76120617,6629967.02431193,1960336.1012990028
Concrete Pod,7,,38.54486578,-121.76117777,6629975.141093597,1960338.2456516773
Other,,,38.54427835,-121.7622704,6629663.202084929,1960123.499033928
Other,,,38.54430118,-121.76249519,6629598.888565257,1960131.645671174
Other,,,38.54430855,-121.76272376,6629533.507462427,1960134.1584614217
Other,,,38.54431151,-121.76294039,6629471.547612593,1960135.0754543394
Other,,,38.54430517,-121.7632927,6629370.78961201,1960132.5029529184
Other,,,38.54431226,-121.7634791,6629317.47311759,1960134.9465175867
Other,,,38.54430843,-121.76368383,6629258.922381669,1960133.397964254
Other,,,38.54430327,-121.76387557,6629204.088173762,1960131.3776270896
Other,,,38.54449081,-121.76373872,6629243.049381927,1960199.7764404267
Other,,,38.5444895,-121.76348646,6629315.199828178,1960199.4877270907
Other,,,38.54448157,-121.76271,6629537.279436514,1960197.1790046692
Other,,,38.54449225,-121.76250304,6629596.461732835,1960201.2232879251
Other,,,38.54466461,-121.76230872,6629651.873039335,1960264.138516426
Other,,,38.5446801,-121.76249883,6629597.486665174,1960269.6355526745
Other,,,38.54468067,-121.76277733,6629517.832625002,1960269.6355526745
Other,,,38.54467594,-121.76289602,6629483.891748011,1960267.8238765001
Other,,,38.54468635,-121.76324187,6629384.968061343,1960271.357005924
Other,,,38.54468099,-121.76349012,6629313.9711560905,1960269.2218395919
Other,,,38.54468071,-121.76367472,6629261.173689514,1960268.982994929
Other,,,38.54470312,-121.76387902,6629202.721378595,1960276.9901967496
Park-rite Rack,4,,38.54500451,-121.76383224,6629215.815184429,1960386.784924671
Other,,,38.54528814,-121.76317256,6629404.218022838,1960490.5701501667
Other,,,38.54526748,-121.76297211,6629461.567973763,1960483.1954930127
Other,,,38.54528768,-121.76268457,6629543.785985172,1960490.764047429
Other,,,38.54527295,-121.76246264,6629607.2730629295,1960485.5662231743
Other,,,38.54507779,-121.76274498,6629526.707607254,1960414.2822450101
Other,,,38.54508733,-121.7629215,6629476.214598,1960417.6237737536
Other,,,38.54490558,-121.76322034,6629390.91654025,1960351.21314542
Other,,,38.54488669,-121.76295429,6629467.026952341,1960344.530087918
Other,,,38.54489923,-121.76277154,6629519.281441003,1960349.2331625074
Other,,,38.54488456,-121.76254112,6629585.19633542,1960344.0632253438
Other,,,38.54547783,-121.76225019,6629667.840527087,1960560.3373990953
Other,,,38.5454928,-121.76249884,6629596.7104200125,1960565.6028085053
Other,,,38.54549628,-121.76270393,6629538.049448088,1960566.7166514248
Other,,,38.54549819,-121.76296523,6629463.316329837,1960567.2199312598
Other,,,38.54548889,-121.76321201,6629392.746261001,1960563.6490722597
Other,,,38.54549488,-121.76348402,6629314.942610845,1960565.6270866692
Other,,,38.54550644,-121.76364191,6629269.776034504,1960569.7189420015
Other,,,38.54550535,-121.76386031,6629207.3132329285,1960569.1579195112
Other,,,38.54569383,-121.76367016,6629261.517520845,1960637.9412465096
Other,,,38.54568842,-121.76349934,6629310.378315508,1960636.099714756
Other,,,38.54568243,-121.76272888,6629530.738767177,1960634.4914502501
Other,,,38.54566775,-121.76245559,6629608.913151503,1960629.3500563353
Other,,,38.54585184,-121.7622266,6629674.22863768,1960696.5621922612
Other,,,38.54587193,-121.76250836,6629593.625780508,1960703.668805346
Other,,,38.54587045,-121.76267107,6629547.094377503,1960703.009029761
Other,,,38.54586306,-121.76293096,6629472.769723013,1960700.1222245097
Other,,,38.54587587,-121.76318493,6629400.124199003,1960704.5962969214
Other,,,38.54587303,-121.76341142,6629335.350378424,1960703.3964961767
Other,,,38.54587077,-121.7636301,6629272.808508754,1960702.409621507
Other,,,38.54588152,-121.76392652,6629188.0225890875,1960706.1044960022
Wave Rack,3,,38.54306443,-121.76354611,6629299.488245428,1959680.4615341723
Low Rack,6,,38.54265853,-121.76346615,6629322.743448257,1959532.7032995075
Lightning Bolt Rack,5,,38.54266597,-121.76459131,6629000.92486617,1959534.5743587613
Lightning Bolt Rack,4,,38.54360929,-121.76434776,6629069.692773253,1959878.2941437513
Lightning Bolt Rack,45,,38.54026112,-121.76141295,6629912.281639263,1958661.1512368321
Bike Rail,6,,38.53850263,-121.76361557,6629283.945297509,1958019.101339832
Coat Hanger Rack,12,,38.53836179,-121.76398185,6629179.30968,1957967.5394350886
Bike Rail,6,,38.53824074,-121.76448806,6629034.631819755,1957923.078237921
Bike Rail,6,,38.53838507,-121.76430219,6629087.65927276,1957975.7779356688
Lightning Bolt Rack,5,,38.5299917,-121.76301077,6629465.01973851,1954920.0547164232
Playground Rack,6,,38.53398876,-121.76560729,6628718.488423169,1956373.772609502
Playground Rack,6,,38.53387249,-121.76576871,6628672.424210846,1956331.307143256
Coat Hanger Rack,10,,38.53354464,-121.76666938,6628415.09532918,1956211.2493125051
Coat Hanger Rack,10,,38.53307913,-121.766841,6628366.438930422,1956041.5947961658
Playground Rack,5,,38.53285187,-121.7668518,6628363.559999168,1955958.8233081698
Concrete Pod,5,,38.53259887,-121.76659875,6628436.182557344,1955866.8710642606
Playground Rack,6,,38.53255536,-121.76658883,6628439.061488584,1955851.036450252
Lightning Bolt Rack,12,,38.5322449,-121.76514747,6628851.660729006,1955739.033065334
Lightning Bolt Rack,5,,38.5309224,-121.76607512,6628587.542162761,1955256.7216940075
Lightning Bolt Rack,56,,38.53365398,-121.74825987,6633681.0450990945,1956265.123876676
Coat Hanger Rack,60,,38.53553154,-121.75212255,6632574.257942587,1956945.8531582505
Lightning Bolt Rack,5,,38.54034895,-121.75293519,6632337.037616506,1958699.6163830012
Lightning Bolt Rack,5,,38.54025686,-121.75293311,6632337.724951088,1958666.0823293328
Low Rack,5,,38.54029922,-121.75431573,6631942.219508514,1958680.436303258
Lightning Bolt Rack,8,,38.53835463,-121.75391215,6632059.571964085,1957972.5719053447
Inverted U,6,,38.53825278,-121.75381471,6632087.542052507,1957935.5529505014
Concrete Pod,1,,38.53817937,-121.75382445,6632084.829787597,1957908.8125184178
Lightning Bolt Rack,10,,38.53804208,-121.75461744,6631858.1415926665,1957858.2017272562
Lightning Bolt Rack,5,,38.53790411,-121.75452138,6631885.753742173,1957808.0285992622
Lightning Bolt Rack,10,,38.5379282,-121.75458232,6631868.299052671,1957816.7556159198
Lightning Bolt Rack,5,,38.53818266,-121.75458028,6631868.634025753,1957909.4266904294
Lightning Bolt Rack,21,,38.53816313,-121.7543885,6631923.5069475025,1957902.460168928
Varsity Rack,4,,38.53840819,-121.75489041,6631779.704413593,1957991.3198993355
Lightning Bolt Rack,5,,38.53859651,-121.75399173,6632036.570369676,1958060.596007511
Concrete Pod,6,,38.53961649,-121.75299061,6632321.910678253,1958432.8262341768
Lightning Bolt Rack,10,,38.54603791,-121.76042052,6630190.593746677,1960765.6831170022
Lightning Bolt Rack,5,,38.54596854,-121.76047783,6630174.268648088,1960740.3770652562
Lightning Bolt Rack,8,,38.54190022,-121.76959516,6627570.455614254,1959252.0391626656
Lightning Bolt Rack,4,,38.54133613,-121.76970256,6627540.260464668,1959046.530387342
Lightning Bolt Rack,34,,38.54133521,-121.76978987,6627515.2867613435,1959046.1327503324
Lightning Bolt Rack,3,,38.54132247,-121.76969803,6627541.568861008,1959041.559924841
Lightning Bolt Rack,3,,38.54127072,-121.76974685,6627527.650581762,1959022.6770885885
Lightning Bolt Rack,4,,38.54126415,-121.76982759,6627504.564998001,1959020.227618426
Lightning Bolt Rack,4,,38.54128835,-121.77007545,6627433.650441676,1959028.8608032614
Lightning Bolt Rack,19,,38.54133756,-121.77015597,6627410.572403833,1959046.7246126682
Lightning Bolt Rack,3,,38.54126643,-121.7701305,6627417.922782838,1959020.8365410864
Lightning Bolt Rack,3,,38.5412931,-121.77024349,6627385.580984011,1959030.4703800827
Lightning Bolt Rack,4,,38.54135481,-121.77023367,6627388.3336031735,1959052.9490096718
Lightning Bolt Rack,14,,38.54145198,-121.77031997,6627363.5610149205,1959088.2727579176
Lightning Bolt Rack,14,,38.54151556,-121.77030453,6627367.919273928,1959111.4393782616
Lightning Bolt Rack,4,,38.54156676,-121.77022327,6627391.112797096,1959130.1434090883
Lightning Bolt Rack,19,,38.54163694,-121.77014606,6627413.132766172,1959155.7578591704
Lightning Bolt Rack,3,,38.54165764,-121.77022249,6627391.253872931,1959163.2420961708
Lightning Bolt Rack,3,,38.54169904,-121.77017794,6627403.955619171,1959178.351974085
Lightning Bolt Rack,4,,38.5417016,-121.77010931,6627423.585173085,1959179.3339275122
Lightning Bolt Rack,34,,38.54160739,-121.7697837,6627516.802178264,1959145.2578801662
Lightning Bolt Rack,4,,38.54168602,-121.76981725,6627507.132906258,1959173.868387252
Lightning Bolt Rack,3,,38.54168273,-121.76971548,6627536.243412346,1959172.7473265082
Lightning Bolt Rack,3,,38.54165651,-121.76969034,6627543.459933341,1959163.2151933461
Lightning Bolt Rack,4,,38.54160112,-121.7696918,6627543.092151925,1959143.0433176756
Lightning Bolt Rack,4,,38.54053002,-121.76971788,6627536.620708168,1958752.9499377608
Lightning Bolt Rack,12,,38.54061982,-121.76969291,6627543.681717679,1958785.672641337
Lightning Bolt Rack,2,,38.5405335,-121.76980699,6627511.131257847,1958754.1556439996
Lightning Bolt Rack,18,,38.54062418,-121.76982308,6627506.445243597,1958787.1670609266
Lightning Bolt Rack,2,,38.54054821,-121.76990521,6627483.022718251,1958759.4390980005
Lightning Bolt Rack,4,,38.54053607,-121.76998473,6627460.289167926,1958754.9610885829
Lightning Bolt Rack,8,,38.54058494,-121.77006767,6627436.522155091,1958772.7002263367
Lightning Bolt Rack,10,,38.54075635,-121.77019351,6627400.370324507,1958835.0317945927
Lightning Bolt Rack,4,,38.54073752,-121.77023633,6627388.142658681,1958828.1430288404
Lightning Bolt Rack,3,,38.54079511,-121.77024577,6627385.389711425,1958849.10886617
Lightning Bolt Rack,3,,38.5408265,-121.77020653,6627396.582930505,1958860.5688170046
Lightning Bolt Rack,10,,38.54079515,-121.77013979,6627415.699690178,1958849.2020418346
Lightning Bolt Rack,4,,38.54081547,-121.7701301,6627418.455262095,1958856.607866928
Lightning Bolt Rack,9,,38.54087152,-121.76994462,6627471.452859506,1958877.1550699174
Lightning Bolt Rack,10,,38.54087854,-121.76999843,6627456.057549089,1958879.6717971712
Lightning Bolt Rack,4,,38.54082558,-121.76981833,6627507.619125754,1958860.515667513
Lightning Bolt Rack,11,,38.54079021,-121.76981118,6627509.695565179,1958847.6383966655
Lightning Bolt Rack,18,,38.54075598,-121.76979371,6627514.723770335,1958835.1869780123
Lightning Bolt Rack,3,,38.54081734,-121.76975171,6627526.680439338,1958857.5629175007
Lightning Bolt Rack,3,,38.54078791,-121.76972111,6627535.460277423,1958846.8677289188
Lightning Bolt Rack,11,,38.54074185,-121.76975936,6627524.562661424,1958830.0652690828
Lightning Bolt Rack,4,,38.54072467,-121.76971699,6627536.695183083,1958823.841200173
Lightning Bolt Rack,2,,38.54094534,-121.77056008,6627295.349865258,1958903.5923530012
Lightning Bolt Rack,12,,38.54018145,-121.77004934,6627442.136645168,1958625.7684335858
Lightning Bolt Rack,5,,38.54014352,-121.77003143,6627447.296411753,1958611.9712170959
Lightning Bolt Rack,4,,38.5401022,-121.77001508,6627452.009656921,1958596.9338455945
Lightning Bolt Rack,3,,38.54011224,-121.7701045,6627426.423422009,1958600.5247176737
Lightning Bolt Rack,3,,38.54012769,-121.77012642,6627420.139313847,1958606.1359269172
Lightning Bolt Rack,9,,38.54017447,-121.77009724,6627428.443431094,1958623.193307504
Lightning Bolt Rack,4,,38.54020798,-121.77012489,6627420.503814429,1958635.376354009
Lightning Bolt Rack,4,,38.54025355,-121.76988747,6627488.368836179,1958652.1460055113
Lightning Bolt Rack,12,,38.54017952,-121.76984534,6627500.488562584,1958625.2133165896
Lightning Bolt Rack,5,,38.54019993,-121.76988529,6627489.042063177,1958632.6197978407
Lightning Bolt Rack,3,,38.54025216,-121.76980666,6627511.485915929,1958651.6968594193
Lightning Bolt Rack,3,,38.54022439,-121.76977074,6627521.783139423,1958641.6109215915
Lightning Bolt Rack,9,,38.54018686,-121.76980304,6627512.581386179,1958627.9200040847
Lightning Bolt Rack,4,,38.54016944,-121.76976875,6627522.403873086,1958621.6011190861
Lightning Bolt Rack,16,,38.54006055,-121.76986091,6627496.144411176,1958581.8754767627
Lightning Bolt Rack,4,,38.53970628,-121.77025843,6627382.769309834,1958452.5712734163
Lightning Bolt Rack,4,,38.53979712,-121.77007217,6627435.96146068,1958485.7883985937
Lightning Bolt Rack,2,,38.53979163,-121.76998667,6627460.421713591,1958483.850738421
Lightning Bolt Rack,14,,38.53975702,-121.76993892,6627474.112631097,1958471.2821940035
Lightning Bolt Rack,24,,38.53968966,-121.76984497,6627501.045320004,1958446.8183321655
Lightning Bolt Rack,10,,38.53975666,-121.76980792,6627511.581716254,1958471.2438082546
Lightning Bolt Rack,2,,38.53979379,-121.76988627,6627489.137863502,1958484.7103167623
Lightning Bolt Rack,4,,38.53979795,-121.76981092,6627510.684080258,1958486.281179756
Lightning Bolt Rack,4,,38.53960704,-121.76993622,6627475.021093845,1958416.6655053347
Lightning Bolt Rack,10,,38.53958706,-121.76996106,6627467.936134264,1958409.368275836
Lightning Bolt Rack,3,,38.53953466,-121.76992431,6627478.494840175,1958390.31450817
Lightning Bolt Rack,3,,38.53951379,-121.7699569,6627469.191709176,1958382.688867256
Lightning Bolt Rack,4,,38.53952523,-121.77002672,6627449.212746501,1958386.8066411763
Lightning Bolt Rack,10,,38.53954511,-121.77001783,6627451.7363635,1958394.0510492623
Lightning Bolt Rack,4,,38.53949118,-121.77027501,6627378.226668,1958374.2249734253
Lightning Bolt Rack,2,,38.53952964,-121.77026654,6627380.6121619195,1958388.2377406657
Lightning Bolt Rack,9,,38.53959736,-121.77020607,6627397.8457232565,1958412.9443841726
Lightning Bolt Rack,2,,38.53964279,-121.7702576,6627383.065241009,1958429.4515690058
Lightning Bolt Rack,10,,38.53969086,-121.77021266,6627395.875910923,1958446.9902478456
Lightning Bolt Rack,10,,38.53877549,-121.77100182,6627170.994470924,1958113.0604695082
Lightning Bolt Rack,4,,38.53876452,-121.77107616,6627149.741560668,1958109.0122492611
Lightning Bolt Rack,9,,38.53877573,-121.77112566,6627135.572953835,1958113.0604695082
Lightning Bolt Rack,2,,38.53875708,-121.77116165,6627125.295087263,1958106.2412574291
Lightning Bolt Rack,14,,38.53877012,-121.77119935,6627114.499833256,1958110.9640170038
Lightning Bolt Rack,2,,38.53876373,-121.77124773,6627100.668824181,1958108.6024731696
Lightning Bolt Rack,9,,38.53877216,-121.7712937,6627087.51202634,1958111.6385563463
Lightning Bolt Rack,4,,38.53875092,-121.77132561,6627078.403776839,1958103.879713595
Lightning Bolt Rack,4,,38.53892778,-121.77120452,6627112.875492677,1958168.374991417
Lightning Bolt Rack,10,,38.53895548,-121.77118134,6627119.48210676,1958178.4789738357
Lightning Bolt Rack,3,,38.53898669,-121.77121718,6627109.20227167,1958189.821142763
Lightning Bolt Rack,3,,38.5390416,-121.77119051,6627116.7806685865,1958209.8352103382
Lightning Bolt Rack,4,,38.53902872,-121.77115726,6627126.301646918,1958205.1715057492
Lightning Bolt Rack,4,,38.53904202,-121.77113412,6627132.908261001,1958210.0294356793
Lightning Bolt Rack,21,,38.5390968,-121.77098301,6627176.080090672,1958230.090747252
Lightning Bolt Rack,5,,38.53909828,-121.77091983,6627194.150920674,1958230.6737513393
Lightning Bolt Rack,4,,38.53904036,-121.77082663,6627220.861497179,1958209.6459062546
Lightning Bolt Rack,4,,38.53902693,-121.77078048,6627234.074397251,1958204.7883044183
Lightning Bolt Rack,2,,38.53903777,-121.77074438,6627244.388353005,1958208.7627059221
Lightning Bolt Rack,4,,38.53903325,-121.77071117,6627253.892599091,1958207.1400057524
Lightning Bolt Rack,2,,38.53903538,-121.77063199,6627276.537238836,1958207.9759620875
Lightning Bolt Rack,4,,38.53902705,-121.77057027,6627294.200917423,1958204.9841701686
Lightning Bolt Rack,4,,38.53903886,-121.77053095,6627305.435475007,1958209.3155263364
Lightning Bolt Rack,14,,38.53896464,-121.77066581,6627266.928990334,1958182.1872997582
Lightning Bolt Rack,10,,38.53887785,-121.77065072,6627271.326947421,1958150.5935309231
Lightning Bolt Rack,4,,38.53887664,-121.77061864,6627280.502454013,1958150.1755527556
Lightning Bolt Rack,3,,38.53885104,-121.77061646,6627281.14877817,1958140.8527367562
Lightning Bolt Rack,3,,38.5387701,-121.7706373,6627275.262963176,1958111.3600135893
Lightning Bolt Rack,10,,38.53877104,-121.77066127,6627268.405693427,1958111.6867845953
Lightning Bolt Rack,4,,38.5387738,-121.77072519,6627250.119640753,1958112.645772174
Lightning Bolt Rack,11,,38.53821956,-121.77083728,6627218.5675385,1957910.7222914994
Lightning Bolt Rack,4,,38.53819793,-121.77078704,6627232.958585843,1957902.8801155835
Lightning Bolt Rack,3,,38.53812036,-121.77079049,6627232.043233335,1957874.6291878372
Lightning Bolt Rack,3,,38.53810634,-121.77081505,6627225.030124009,1957869.5055104196
Lightning Bolt Rack,11,,38.5381103,-121.77086902,6627209.590850428,1957870.9090509266
Lightning Bolt Rack,4,,38.53810728,-121.77090061,6627200.558716252,1957869.78733401
Lightning Bolt Rack,16,,38.53806634,-121.77102736,6627164.34028475,1957854.785723582
Lightning Bolt Rack,4,,38.5381175,-121.77115376,6627128.140225917,1957873.3273531795
Lightning Bolt Rack,11,,38.53811851,-121.77118724,6627118.56150493,1957873.67118451
Lightning Bolt Rack,3,,38.53811615,-121.77122985,6627106.375177592,1957872.7804382592
Lightning Bolt Rack,3,,38.53812696,-121.77129834,6627086.774166927,1957876.6652730107
Lightning Bolt Rack,11,,38.53816763,-121.77127043,6627094.720673338,1957891.498576671
Lightning Bolt Rack,4,,38.538189,-121.7712895,6627089.246602923,1957899.2682461739
Lightning Bolt Rack,8,,38.53832262,-121.77128077,6627091.623238593,1957947.9335031658
Lightning Bolt Rack,4,,38.53841817,-121.77129589,6627087.208549261,1957982.721163258
Lightning Bolt Rack,5,,38.53840108,-121.77123792,6627103.807597429,1957976.5404013395
